2026-03-03T19:55:49.299154,"r, 17.57m,0000000009Hz,0000053493c,0000000.116s, 028.0C"
2026-03-03T19:55:54.299735,"r, 17.63m,0000000008Hz,0000056358c,0000000.122s, 028.0C"
2026-03-03T19:55:59.300164,"r, 17.63m,0000000008Hz,0000056672c,0000000.123s, 028.0C"
2026-03-03T19:56:04.300700,"r, 17.63m,0000000008Hz,0000056336c,0000000.122s, 028.0C"
2026-03-03T19:56:09.301127,"r, 17.63m,0000000008Hz,0000056321c,0000000.122s, 028.0C"
2026-03-03T19:56:14.301623,"r, 17.55m,0000000009Hz,0000052369c,0000000.114s, 028.0C"
2026-03-03T19:56:19.302110,"r, 17.63m,0000000008Hz,0000056348c,0000000.122s, 028.0C"
2026-03-03T19:56:24.302569,"r, 17.63m,0000000009Hz,0000056385c,0000000.122s, 028.0C"
2026-03-03T19:56:29.303063,"r, 17.63m,0000000009Hz,0000056466c,0000000.123s, 028.0C"
2026-03-03T19:56:34.303532,"r, 17.63m,0000000008Hz,0000056515c,0000000.123s, 028.0C"
2026-03-03T19:56:39.304017,"r, 17.62m,0000000008Hz,0000056228c,0000000.122s, 028.0C"
2026-03-03T19:56:44.304499,"r, 17.62m,0000000008Hz,0000056105c,0000000.122s, 028.0C"
2026-03-03T19:56:49.304973,"r, 17.59m,0000000008Hz,0000054742c,0000000.119s, 028.0C"
2026-03-03T19:56:54.305380,"r, 17.62m,0000000009Hz,0000055948c,0000000.121s, 028.0C"
2026-03-03T19:56:59.305794,"r, 17.62m,0000000008Hz,0000056128c,0000000.122s, 028.0C"
2026-03-03T19:57:04.306221,"r, 17.60m,0000000009Hz,0000055169c,0000000.120s, 028.0C"
2026-03-03T19:57:09.306637,"r, 17.59m,0000000008Hz,0000054764c,0000000.119s, 028.0C"
2026-03-03T19:57:14.307121,"r, 17.61m,0000000008Hz,0000055598c,0000000.121s, 028.0C"
2026-03-03T19:57:19.307597,"r, 17.61m,0000000008Hz,0000055464c,0000000.120s, 028.0C"
2026-03-03T19:57:24.308080,"r, 17.62m,0000000008Hz,0000055838c,0000000.121s, 028.0C"
2026-03-03T19:57:29.308545,"r, 17.61m,0000000009Hz,0000055804c,0000000.121s, 028.0C"
2026-03-03T19:57:34.309049,"r, 17.60m,0000000009Hz,0000055218c,0000000.120s, 028.0C"
2026-03-03T19:57:39.309587,"r, 17.61m,0000000008Hz,0000055314c,0000000.120s, 028.0C"
2026-03-03T19:57:44.310006,"r, 17.61m,0000000009Hz,0000055533c,0000000.121s, 028.0C"
2026-03-03T19:57:49.310517,"r, 17.53m,0000000009Hz,0000051352c,0000000.111s, 028.0C"
2026-03-03T19:57:54.310958,"r, 17.59m,0000000008Hz,0000054640c,0000000.119s, 028.0C"
2026-03-03T19:57:59.311440,"r, 17.59m,0000000009Hz,0000054410c,0000000.118s, 028.0C"
2026-03-03T19:58:04.311859,"r, 17.60m,0000000009Hz,0000055019c,0000000.119s, 028.0C"
2026-03-03T19:58:09.312283,"r, 17.60m,0000000009Hz,0000055049c,0000000.119s, 027.7C"
2026-03-03T19:58:14.312763,"r, 17.58m,0000000008Hz,0000054246c,0000000.118s, 027.7C"
2026-03-03T19:58:19.313199,"r, 17.58m,0000000008Hz,0000054148c,0000000.118s, 027.7C"
2026-03-03T19:58:24.313676,"r, 17.58m,0000000008Hz,0000053801c,0000000.117s, 027.7C"
2026-03-03T19:58:29.314156,"r, 17.58m,0000000008Hz,0000053850c,0000000.117s, 027.7C"
2026-03-03T19:58:34.314648,"r, 17.58m,0000000009Hz,0000053835c,0000000.117s, 027.7C"
2026-03-03T19:58:39.315055,"r, 17.57m,0000000008Hz,0000053755c,0000000.117s, 027.7C"
2026-03-03T19:58:44.315502,"r, 17.57m,0000000009Hz,0000053550c,0000000.116s, 027.7C"
2026-03-03T19:58:49.315988,"r, 17.59m,0000000009Hz,0000054752c,0000000.119s, 027.7C"
2026-03-03T19:58:54.316537,"r, 17.57m,0000000009Hz,0000053722c,0000000.117s, 027.7C"
2026-03-03T19:58:59.317005,"r, 17.59m,0000000008Hz,0000054639c,0000000.119s, 027.7C"
2026-03-03T19:59:04.317446,"r, 17.59m,0000000008Hz,0000054579c,0000000.118s, 027.7C"
2026-03-03T19:59:09.317918,"r, 17.57m,0000000009Hz,0000053649c,0000000.116s, 027.7C"
2026-03-03T19:59:14.318415,"r, 17.58m,0000000008Hz,0000054165c,0000000.118s, 027.7C"
2026-03-03T19:59:19.318829,"r, 17.58m,0000000008Hz,0000054005c,0000000.117s, 027.7C"
2026-03-03T19:59:24.319270,"r, 17.58m,0000000008Hz,0000053787c,0000000.117s, 027.7C"
2026-03-03T19:59:29.319728,"r, 17.54m,0000000009Hz,0000052142c,0000000.113s, 027.7C"
2026-03-03T19:59:34.320143,"r, 17.48m,0000000008Hz,0000049346c,0000000.107s, 027.7C"
2026-03-03T19:59:39.320644,"r, 17.56m,0000000008Hz,0000052833c,0000000.115s, 027.7C"
2026-03-03T19:59:44.321125,"r, 17.44m,0000000009Hz,0000047295c,0000000.103s, 027.7C"
2026-03-03T19:59:49.321541,"r, 17.56m,0000000008Hz,0000053162c,0000000.115s, 027.7C"
2026-03-03T19:59:54.322015,"r, 17.57m,0000000009Hz,0000053356c,0000000.116s, 027.7C"
2026-03-03T19:59:59.322419,"r, 17.58m,0000000009Hz,0000054042c,0000000.117s, 027.7C"
2026-03-03T20:00:04.322893,"r, 17.56m,0000000009Hz,0000053060c,0000000.115s, 027.7C"
2026-03-03T20:00:09.323400,"r, 17.56m,0000000009Hz,0000052856c,0000000.115s, 027.7C"
2026-03-03T20:00:14.323894,"r, 17.57m,0000000009Hz,0000053512c,0000000.116s, 027.7C"
2026-03-03T20:00:19.324335,"r, 17.57m,0000000009Hz,0000053441c,0000000.116s, 027.7C"
2026-03-03T20:00:24.324800,"r, 17.56m,0000000008Hz,0000053200c,0000000.115s, 027.7C"
2026-03-03T20:00:29.325308,"r, 17.55m,0000000008Hz,0000052647c,0000000.114s, 027.7C"
2026-03-03T20:00:34.325829,"r, 17.54m,0000000009Hz,0000051819c,0000000.112s, 027.7C"
2026-03-03T20:00:39.326262,"r, 17.55m,0000000009Hz,0000052506c,0000000.114s, 027.7C"
2026-03-03T20:00:44.326699,"r, 17.55m,0000000009Hz,0000052270c,0000000.113s, 027.7C"
2026-03-03T20:00:49.327181,"r, 17.52m,0000000009Hz,0000051174c,0000000.111s, 027.7C"
2026-03-03T20:00:54.327616,"r, 17.54m,0000000009Hz,0000051982c,0000000.113s, 027.7C"
2026-03-03T20:00:59.328022,"r, 17.54m,0000000009Hz,0000051757c,0000000.112s, 027.3C"
2026-03-03T20:01:04.328491,"r, 17.53m,0000000008Hz,0000051481c,0000000.112s, 027.3C"
2026-03-03T20:01:09.329022,"r, 17.53m,0000000009Hz,0000051331c,0000000.111s, 027.7C"
2026-03-03T20:01:14.329482,"r, 17.53m,0000000009Hz,0000051456c,0000000.112s, 027.3C"
2026-03-03T20:01:19.329962,"r, 17.52m,0000000009Hz,0000051142c,0000000.111s, 027.3C"
2026-03-03T20:01:24.330477,"r, 17.51m,0000000009Hz,0000050815c,0000000.110s, 027.3C"
2026-03-03T20:01:29.330912,"r, 17.51m,0000000009Hz,0000050678c,0000000.110s, 027.3C"
2026-03-03T20:01:34.331342,"r, 17.50m,0000000009Hz,0000050323c,0000000.109s, 027.3C"
2026-03-03T20:01:39.331712,"r, 17.50m,0000000009Hz,0000050107c,0000000.109s, 027.3C"
2026-03-03T20:01:44.332200,"r, 17.49m,0000000010Hz,0000049786c,0000000.108s, 027.3C"
2026-03-03T20:01:49.332693,"r, 17.49m,0000000009Hz,0000049800c,0000000.108s, 027.3C"
2026-03-03T20:01:54.333096,"r, 17.49m,0000000009Hz,0000049515c,0000000.107s, 027.3C"
2026-03-03T20:01:59.333630,"r, 17.48m,0000000009Hz,0000049279c,0000000.107s, 027.3C"
2026-03-03T20:02:04.334051,"r, 17.48m,0000000010Hz,0000049345c,0000000.107s, 027.3C"
2026-03-03T20:02:09.334536,"r, 17.48m,0000000010Hz,0000049036c,0000000.106s, 027.3C"
2026-03-03T20:02:14.335005,"r, 17.54m,0000000007Hz,0000051939c,0000000.113s, 027.3C"
2026-03-03T20:02:19.335438,"r, 17.50m,0000000009Hz,0000050141c,0000000.109s, 027.3C"
2026-03-03T20:02:24.335843,"r, 17.53m,0000000009Hz,0000051454c,0000000.112s, 027.3C"
2026-03-03T20:02:29.336329,"r, 17.54m,0000000009Hz,0000051921c,0000000.113s, 027.3C"
2026-03-03T20:02:34.336833,"r, 17.53m,0000000009Hz,0000051275c,0000000.111s, 027.3C"
2026-03-03T20:02:39.337333,"r, 17.46m,0000000009Hz,0000048337c,0000000.105s, 027.3C"
2026-03-03T20:02:44.337799,"r, 17.46m,0000000009Hz,0000048618c,0000000.106s, 027.3C"
2026-03-03T20:02:49.338231,"r, 17.45m,0000000010Hz,0000047748c,0000000.104s, 027.3C"
2026-03-03T20:02:54.338657,"r, 17.44m,0000000009Hz,0000047306c,0000000.103s, 027.3C"
2026-03-03T20:02:59.339142,"r, 17.44m,0000000010Hz,0000047241c,0000000.103s, 027.3C"
2026-03-03T20:03:04.339572,"r, 17.43m,0000000010Hz,0000047042c,0000000.102s, 027.3C"
2026-03-03T20:03:09.339979,"r, 17.42m,0000000010Hz,0000046631c,0000000.101s, 027.3C"
2026-03-03T20:03:14.340409,"r, 17.41m,0000000010Hz,0000046326c,0000000.101s, 027.3C"
2026-03-03T20:03:19.340825,"r, 17.41m,0000000010Hz,0000046111c,0000000.100s, 027.3C"
2026-03-03T20:03:24.341261,"r, 17.41m,0000000010Hz,0000045920c,0000000.100s, 027.3C"
2026-03-03T20:03:29.341689,"r, 17.39m,0000000010Hz,0000045444c,0000000.099s, 027.3C"
2026-03-03T20:03:34.342142,"r, 17.39m,0000000010Hz,0000045126c,0000000.098s, 027.3C"
2026-03-03T20:03:39.342642,"r, 17.37m,0000000011Hz,0000044538c,0000000.097s, 027.3C"
2026-03-03T20:03:44.343044,"r, 17.36m,0000000010Hz,0000044191c,0000000.096s, 027.0C"
2026-03-03T20:03:49.343568,"r, 17.35m,0000000010Hz,0000043661c,0000000.095s, 027.3C"
2026-03-03T20:03:54.344044,"r, 17.34m,0000000010Hz,0000043117c,0000000.094s, 027.0C"
2026-03-03T20:03:59.344534,"r, 17.32m,0000000011Hz,0000042708c,0000000.093s, 027.3C"
2026-03-03T20:04:04.344935,"r, 17.31m,0000000011Hz,0000042346c,0000000.092s, 027.3C"
2026-03-03T20:04:09.345414,"r, 17.30m,0000000011Hz,0000041840c,0000000.091s, 027.3C"
2026-03-03T20:04:14.345853,"r, 17.29m,0000000011Hz,0000041329c,0000000.090s, 027.3C"
2026-03-03T20:04:19.346352,"r, 17.27m,0000000011Hz,0000040760c,0000000.088s, 027.3C"
2026-03-03T20:04:24.346710,"r, 17.25m,0000000012Hz,0000040099c,0000000.087s, 027.0C"
2026-03-03T20:04:29.347150,"r, 17.23m,0000000012Hz,0000039420c,0000000.086s, 027.0C"
2026-03-03T20:04:34.347651,"r, 17.22m,0000000012Hz,0000038730c,0000000.084s, 027.0C"
2026-03-03T20:04:39.348059,"r, 17.20m,0000000012Hz,0000038080c,0000000.083s, 027.0C"
2026-03-03T20:04:44.348483,"r, 17.18m,0000000012Hz,0000037392c,0000000.081s, 027.0C"
2026-03-03T20:04:49.348975,"r, 17.16m,0000000013Hz,0000036738c,0000000.080s, 027.0C"
2026-03-03T20:04:54.349408,"r, 17.20m,0000000013Hz,0000037933c,0000000.082s, 027.0C"
2026-03-03T20:04:59.349833,"r, 17.11m,0000000013Hz,0000035293c,0000000.077s, 027.0C"
2026-03-03T20:05:04.350259,"r, 17.10m,0000000013Hz,0000034680c,0000000.075s, 027.0C"
2026-03-03T20:05:09.350753,"r, 17.07m,0000000013Hz,0000033983c,0000000.074s, 027.0C"
2026-03-03T20:05:14.351230,"r, 17.06m,0000000014Hz,0000033332c,0000000.072s, 027.0C"
2026-03-03T20:05:19.351640,"r, 17.03m,0000000014Hz,0000032508c,0000000.071s, 027.0C"
2026-03-03T20:05:24.352065,"r, 17.01m,0000000014Hz,0000032077c,0000000.070s, 027.0C"
2026-03-03T20:05:29.352561,"r, 16.98m,0000000015Hz,0000031190c,0000000.068s, 027.0C"
2026-03-03T20:05:34.352988,"r, 16.97m,0000000015Hz,0000030896c,0000000.067s, 027.0C"
2026-03-03T20:05:39.353421,"r, 16.95m,0000000015Hz,0000030240c,0000000.066s, 027.0C"
2026-03-03T20:05:44.353815,"r, 16.94m,0000000015Hz,0000029776c,0000000.065s, 027.0C"
2026-03-03T20:05:49.354251,"r, 16.91m,0000000016Hz,0000029265c,0000000.064s, 027.0C"
2026-03-03T20:05:54.354738,"r, 16.90m,0000000016Hz,0000028806c,0000000.063s, 027.0C"
2026-03-03T20:05:59.355180,"r, 16.88m,0000000016Hz,0000028380c,0000000.062s, 027.0C"
2026-03-03T20:06:04.355647,"r, 16.87m,0000000017Hz,0000028042c,0000000.061s, 027.0C"
2026-03-03T20:06:09.356076,"r, 16.86m,0000000017Hz,0000027677c,0000000.060s, 027.0C"
2026-03-03T20:06:14.356582,"r, 16.84m,0000000016Hz,0000027365c,0000000.059s, 027.0C"
2026-03-03T20:06:19.356998,"r, 16.83m,0000000017Hz,0000027035c,0000000.059s, 027.0C"
2026-03-03T20:06:24.357494,"r, 16.82m,0000000017Hz,0000026814c,0000000.058s, 027.0C"
2026-03-03T20:06:29.357900,"r, 16.81m,0000000017Hz,0000026647c,0000000.058s, 027.0C"
2026-03-03T20:06:34.358394,"r, 16.80m,0000000018Hz,0000026452c,0000000.057s, 027.0C"
2026-03-03T20:06:39.358819,"r, 16.80m,0000000017Hz,0000026318c,0000000.057s, 027.0C"
2026-03-03T20:06:44.359300,"r, 16.80m,0000000017Hz,0000026277c,0000000.057s, 027.0C"
2026-03-03T20:06:49.359774,"r, 16.79m,0000000017Hz,0000026198c,0000000.057s, 027.0C"
2026-03-03T20:06:54.360271,"r, 16.79m,0000000018Hz,0000026170c,0000000.057s, 027.0C"
2026-03-03T20:06:59.360770,"r, 16.79m,0000000017Hz,0000026177c,0000000.057s, 027.0C"
2026-03-03T20:07:04.361251,"r, 16.79m,0000000018Hz,0000026213c,0000000.057s, 027.0C"
2026-03-03T20:07:09.361762,"r, 16.79m,0000000018Hz,0000026207c,0000000.057s, 026.7C"
2026-03-03T20:07:14.362232,"r, 16.80m,0000000017Hz,0000026296c,0000000.057s, 027.0C"
2026-03-03T20:07:19.362723,"r, 16.80m,0000000017Hz,0000026421c,0000000.057s, 027.0C"
2026-03-03T20:07:24.363133,"r, 16.81m,0000000018Hz,0000026557c,0000000.058s, 026.7C"
2026-03-03T20:07:29.363582,"r, 16.81m,0000000018Hz,0000026726c,0000000.058s, 026.7C"
2026-03-03T20:07:34.364085,"r, 16.82m,0000000017Hz,0000026884c,0000000.058s, 026.7C"
2026-03-03T20:07:39.364505,"r, 16.83m,0000000017Hz,0000027082c,0000000.059s, 026.7C"
2026-03-03T20:07:44.364978,"r, 16.84m,0000000017Hz,0000027336c,0000000.059s, 026.7C"
2026-03-03T20:07:49.365493,"r, 16.85m,0000000017Hz,0000027568c,0000000.060s, 026.7C"
2026-03-03T20:07:54.365925,"r, 16.86m,0000000016Hz,0000027805c,0000000.060s, 026.7C"
2026-03-03T20:07:59.366434,"r, 16.86m,0000000017Hz,0000028008c,0000000.061s, 026.7C"
2026-03-03T20:08:04.366909,"r, 16.88m,0000000016Hz,0000028292c,0000000.061s, 026.7C"
2026-03-03T20:08:09.367330,"r, 16.90m,0000000016Hz,0000028754c,0000000.062s, 026.7C"
2026-03-03T20:08:14.367864,"r, 16.90m,0000000016Hz,0000028742c,0000000.062s, 026.7C"
2026-03-03T20:08:19.368268,"r, 16.90m,0000000016Hz,0000028913c,0000000.063s, 026.7C"
2026-03-03T20:08:24.368787,"r, 16.91m,0000000015Hz,0000029137c,0000000.063s, 026.7C"
2026-03-03T20:08:29.369232,"r, 16.92m,0000000016Hz,0000029443c,0000000.064s, 026.7C"
2026-03-03T20:08:34.369672,"r, 16.96m,0000000016Hz,0000030639c,0000000.066s, 026.7C"
2026-03-03T20:08:39.370125,"r, 16.99m,0000000014Hz,0000031356c,0000000.068s, 026.7C"
2026-03-03T20:08:44.370565,"r, 16.97m,0000000015Hz,0000030898c,0000000.067s, 026.7C"
2026-03-03T20:08:49.370982,"r, 16.98m,0000000015Hz,0000030996c,0000000.067s, 026.7C"
2026-03-03T20:08:54.371419,"r, 16.95m,0000000015Hz,0000030167c,0000000.065s, 026.7C"
2026-03-03T20:08:59.371943,"r, 16.95m,0000000015Hz,0000030335c,0000000.066s, 026.7C"
2026-03-03T20:09:04.372474,"r, 16.96m,0000000015Hz,0000030492c,0000000.066s, 026.7C"
2026-03-03T20:09:09.372901,"r, 16.96m,0000000015Hz,0000030495c,0000000.066s, 026.7C"
2026-03-03T20:09:14.373385,"r, 16.98m,0000000015Hz,0000031172c,0000000.068s, 026.7C"
2026-03-03T20:09:19.373819,"r, 16.98m,0000000015Hz,0000030985c,0000000.067s, 026.7C"
2026-03-03T20:09:24.374261,"r, 16.97m,0000000015Hz,0000030750c,0000000.067s, 026.7C"
2026-03-03T20:09:29.374699,"r, 16.97m,0000000015Hz,0000030801c,0000000.067s, 026.7C"
2026-03-03T20:09:34.375200,"r, 16.97m,0000000015Hz,0000030796c,0000000.067s, 026.7C"
2026-03-03T20:09:39.375651,"r, 16.97m,0000000015Hz,0000030799c,0000000.067s, 026.7C"
2026-03-03T20:09:44.376131,"r, 16.97m,0000000015Hz,0000030872c,0000000.067s, 026.7C"
2026-03-03T20:09:49.376580,"r, 16.97m,0000000014Hz,0000030957c,0000000.067s, 026.7C"
2026-03-03T20:09:54.377131,"r, 16.98m,0000000015Hz,0000031002c,0000000.067s, 026.7C"
2026-03-03T20:09:59.377627,"r, 16.98m,0000000015Hz,0000031043c,0000000.067s, 026.7C"
2026-03-03T20:10:04.378030,"r, 16.99m,0000000015Hz,0000031345c,0000000.068s, 026.7C"
2026-03-03T20:10:09.378485,"r, 16.98m,0000000014Hz,0000031133c,0000000.068s, 026.7C"
2026-03-03T20:10:14.378953,"r, 16.98m,0000000014Hz,0000031202c,0000000.068s, 026.7C"
2026-03-03T20:10:19.379453,"r, 16.99m,0000000015Hz,0000031297c,0000000.068s, 026.7C"
2026-03-03T20:10:24.379953,"r, 16.99m,0000000015Hz,0000031268c,0000000.068s, 026.7C"
2026-03-03T20:10:29.380434,"r, 16.99m,0000000014Hz,0000031251c,0000000.068s, 026.7C"
2026-03-03T20:10:34.380928,"r, 16.99m,0000000015Hz,0000031454c,0000000.068s, 026.7C"
2026-03-03T20:10:39.381438,"r, 17.00m,0000000015Hz,0000031684c,0000000.069s, 026.7C"
2026-03-03T20:10:44.381919,"r, 17.02m,0000000015Hz,0000032266c,0000000.070s, 026.7C"
2026-03-03T20:10:49.382339,"r, 17.02m,0000000015Hz,0000032361c,0000000.070s, 026.7C"
2026-03-03T20:10:54.382803,"r, 17.01m,0000000015Hz,0000032006c,0000000.069s, 026.7C"
2026-03-03T20:10:59.383290,"r, 17.02m,0000000014Hz,0000032330c,0000000.070s, 026.7C"
2026-03-03T20:11:04.383773,"r, 17.02m,0000000014Hz,0000032159c,0000000.070s, 026.7C"
2026-03-03T20:11:09.384216,"r, 17.02m,0000000014Hz,0000032240c,0000000.070s, 026.7C"
2026-03-03T20:11:14.384647,"r, 17.03m,0000000014Hz,0000032442c,0000000.070s, 026.7C"
2026-03-03T20:11:19.385070,"r, 17.03m,0000000014Hz,0000032557c,0000000.071s, 026.7C"
2026-03-03T20:11:24.385556,"r, 17.04m,0000000014Hz,0000032650c,0000000.071s, 026.7C"
2026-03-03T20:11:29.385965,"r, 17.04m,0000000014Hz,0000032850c,0000000.071s, 026.7C"
2026-03-03T20:11:34.386392,"r, 17.04m,0000000015Hz,0000032839c,0000000.071s, 026.7C"
2026-03-03T20:11:39.386804,"r, 17.04m,0000000014Hz,0000032933c,0000000.071s, 026.7C"
2026-03-03T20:11:44.387265,"r, 17.05m,0000000014Hz,0000033130c,0000000.072s, 026.7C"
2026-03-03T20:11:49.387767,"r, 17.06m,0000000014Hz,0000033539c,0000000.073s, 026.7C"
2026-03-03T20:11:54.388179,"r, 17.05m,0000000014Hz,0000033264c,0000000.072s, 026.7C"
2026-03-03T20:11:59.388646,"r, 17.06m,0000000014Hz,0000033427c,0000000.073s, 026.7C"
2026-03-03T20:12:04.389076,"r, 17.06m,0000000014Hz,0000033546c,0000000.073s, 026.7C"
2026-03-03T20:12:09.389527,"r, 17.06m,0000000013Hz,0000033610c,0000000.073s, 026.4C"
2026-03-03T20:12:14.390020,"r, 17.06m,0000000014Hz,0000033448c,0000000.073s, 026.7C"
2026-03-03T20:12:19.390473,"r, 17.06m,0000000013Hz,0000033680c,0000000.073s, 026.7C"
2026-03-03T20:12:24.390873,"r, 17.06m,0000000014Hz,0000033576c,0000000.073s, 026.7C"
2026-03-03T20:12:29.391310,"r, 17.06m,0000000014Hz,0000033526c,0000000.073s, 026.7C"
2026-03-03T20:12:34.391784,"r, 17.06m,0000000014Hz,0000033571c,0000000.073s, 026.4C"
2026-03-03T20:12:39.392224,"r, 17.06m,0000000013Hz,0000033486c,0000000.073s, 026.4C"
2026-03-03T20:12:44.392664,"r, 17.06m,0000000013Hz,0000033461c,0000000.073s, 026.4C"
2026-03-03T20:12:49.393069,"r, 17.06m,0000000014Hz,0000033411c,0000000.073s, 026.4C"
2026-03-03T20:12:54.393574,"r, 17.06m,0000000014Hz,0000033301c,0000000.072s, 026.4C"
2026-03-03T20:12:59.394045,"r, 17.05m,0000000014Hz,0000033220c,0000000.072s, 026.4C"
2026-03-03T20:13:04.394465,"r, 17.04m,0000000014Hz,0000033000c,0000000.072s, 026.4C"
2026-03-03T20:13:09.394873,"r, 17.04m,0000000014Hz,0000032838c,0000000.071s, 026.4C"
2026-03-03T20:13:14.395282,"r, 17.03m,0000000014Hz,0000032619c,0000000.071s, 026.4C"
2026-03-03T20:13:19.395806,"r, 17.03m,0000000014Hz,0000032445c,0000000.070s, 026.4C"
2026-03-03T20:13:24.396235,"r, 17.01m,0000000014Hz,0000031931c,0000000.069s, 026.4C"
2026-03-03T20:13:29.396759,"r, 17.00m,0000000015Hz,0000031743c,0000000.069s, 026.4C"
2026-03-03T20:13:34.397185,"r, 17.00m,0000000015Hz,0000031707c,0000000.069s, 026.4C"
2026-03-03T20:13:39.397697,"r, 16.99m,0000000015Hz,0000031415c,0000000.068s, 026.4C"
2026-03-03T20:13:44.398147,"r, 16.98m,0000000015Hz,0000031178c,0000000.068s, 026.4C"
2026-03-03T20:13:49.398646,"r, 16.97m,0000000014Hz,0000030957c,0000000.067s, 026.4C"
2026-03-03T20:13:54.399119,"r, 16.96m,0000000015Hz,0000030638c,0000000.066s, 026.4C"
2026-03-03T20:13:59.399584,"r, 16.95m,0000000016Hz,0000030321c,0000000.066s, 026.4C"
2026-03-03T20:14:04.399984,"r, 16.95m,0000000016Hz,0000030089c,0000000.065s, 026.4C"
2026-03-03T20:14:09.400477,"r, 16.94m,0000000016Hz,0000029761c,0000000.065s, 026.4C"
2026-03-03T20:14:14.400888,"r, 16.92m,0000000016Hz,0000029431c,0000000.064s, 026.4C"
2026-03-03T20:14:19.401329,"r, 16.91m,0000000016Hz,0000029198c,0000000.063s, 026.4C"
2026-03-03T20:14:24.401804,"r, 16.92m,0000000016Hz,0000029511c,0000000.064s, 026.4C"
2026-03-03T20:14:29.402313,"r, 16.91m,0000000016Hz,0000029063c,0000000.063s, 026.4C"
2026-03-03T20:14:34.402841,"r, 16.88m,0000000016Hz,0000028227c,0000000.061s, 026.4C"
2026-03-03T20:14:39.403273,"r, 16.86m,0000000016Hz,0000027913c,0000000.061s, 026.4C"
2026-03-03T20:14:44.403762,"r, 16.86m,0000000016Hz,0000027833c,0000000.060s, 026.4C"
2026-03-03T20:14:49.404240,"r, 16.84m,0000000017Hz,0000027163c,0000000.059s, 026.4C"
2026-03-03T20:14:54.404717,"r, 16.82m,0000000017Hz,0000026829c,0000000.058s, 026.4C"
2026-03-03T20:14:59.405147,"r, 16.81m,0000000017Hz,0000026576c,0000000.058s, 026.4C"
2026-03-03T20:15:04.405668,"r, 16.80m,0000000018Hz,0000026359c,0000000.057s, 026.4C"
2026-03-03T20:15:09.406087,"r, 16.79m,0000000017Hz,0000026173c,0000000.057s, 026.4C"
2026-03-03T20:15:14.406576,"r, 16.78m,0000000018Hz,0000025934c,0000000.056s, 026.4C"
2026-03-03T20:15:19.407060,"r, 16.77m,0000000018Hz,0000025530c,0000000.055s, 026.4C"
2026-03-03T20:15:24.407542,"r, 16.77m,0000000018Hz,0000025561c,0000000.055s, 026.4C"
2026-03-03T20:15:29.407970,"r, 16.76m,0000000018Hz,0000025298c,0000000.055s, 026.4C"
2026-03-03T20:15:34.408401,"r, 16.79m,0000000018Hz,0000026217c,0000000.057s, 026.4C"
2026-03-03T20:15:39.408875,"r, 16.78m,0000000018Hz,0000025801c,0000000.056s, 026.4C"
2026-03-03T20:15:44.409357,"r, 16.88m,0000000018Hz,0000028336c,0000000.061s, 026.4C"
2026-03-03T20:15:49.409797,"r, 16.74m,0000000018Hz,0000024980c,0000000.054s, 026.4C"
2026-03-03T20:15:54.410242,"r, 16.25m,0000000018Hz,0000015916c,0000000.035s, 026.4C"
2026-03-03T20:15:59.410728,"r, 15.67m,0000000048Hz,0000009323c,0000000.020s, 026.4C"
2026-03-03T20:16:04.411161,"r, 15.71m,0000000045Hz,0000009688c,0000000.021s, 026.4C"
2026-03-03T20:16:09.411622,"r, 14.85m,0000000055Hz,0000004356c,0000000.009s, 026.4C"
2026-03-03T20:16:14.412031,"r, 15.48m,0000000108Hz,0000007835c,0000000.017s, 026.4C"
2026-03-03T20:16:19.412460,"r, 15.24m,0000000062Hz,0000006242c,0000000.014s, 026.4C"
2026-03-03T20:16:24.412869,"r, 15.13m,0000000079Hz,0000005637c,0000000.012s, 026.4C"
2026-03-03T20:16:29.413351,"r, 15.13m,0000000081Hz,0000005636c,0000000.012s, 026.4C"
2026-03-03T20:16:34.413816,"r, 14.80m,0000000075Hz,0000004166c,0000000.009s, 026.4C"
2026-03-03T20:16:39.414309,"r, 13.56m,0000000346Hz,0000000000c,0000000.000s, 026.4C"
2026-03-03T20:16:44.414816,"r, 13.39m,0000000408Hz,0000000000c,0000000.000s, 026.1C"
2026-03-03T20:16:49.415304,"r, 12.32m,0000001099Hz,0000000000c,0000000.000s, 026.4C"
2026-03-03T20:16:54.415828,"r, 11.78m,0000001788Hz,0000000000c,0000000.000s, 026.4C"
2026-03-03T20:16:59.416309,"r, 11.79m,0000001768Hz,0000000000c,0000000.000s, 026.4C"
2026-03-03T20:17:04.416797,"r, 11.79m,0000001770Hz,0000000000c,0000000.000s, 026.4C"
2026-03-03T20:17:09.417245,"r, 11.86m,0000001677Hz,0000000000c,0000000.000s, 026.1C"
2026-03-03T20:17:14.417685,"r, 11.78m,0000001791Hz,0000000000c,0000000.000s, 026.4C"
2026-03-03T20:17:19.418108,"r, 11.79m,0000001774Hz,0000000000c,0000000.000s, 026.1C"
2026-03-03T20:17:24.418539,"r, 11.82m,0000001739Hz,0000000000c,0000000.000s, 026.1C"
2026-03-03T20:17:29.418953,"r, 11.82m,0000001723Hz,0000000000c,0000000.000s, 026.4C"
2026-03-03T20:17:34.419447,"r, 11.84m,0000001705Hz,0000000000c,0000000.000s, 026.4C"
2026-03-03T20:17:39.419913,"r, 11.79m,0000001780Hz,0000000000c,0000000.000s, 026.4C"
2026-03-03T20:17:44.420916,"r, 11.95m,0000001535Hz,0000000000c,0000000.000s, 026.1C"
2026-03-03T20:17:49.421675,"r, 11.79m,0000001783Hz,0000000000c,0000000.000s, 026.4C"
2026-03-03T20:17:54.422453,"r, 11.78m,0000001787Hz,0000000000c,0000000.000s, 026.1C"
2026-03-03T20:17:59.423208,"r, 11.78m,0000001791Hz,0000000000c,0000000.000s, 026.4C"
2026-03-03T20:18:04.423854,"r, 11.78m,0000001794Hz,0000000000c,0000000.000s, 026.1C"
2026-03-03T20:18:09.424492,"r, 11.79m,0000001782Hz,0000000000c,0000000.000s, 026.4C"
2026-03-03T20:18:14.425448,"r, 11.81m,0000001744Hz,0000000000c,0000000.000s, 026.4C"
2026-03-03T20:18:19.426252,"r, 11.82m,0000001720Hz,0000000000c,0000000.000s, 026.4C"
2026-03-03T20:18:24.426993,"r, 11.82m,0000001729Hz,0000000000c,0000000.000s, 026.4C"
2026-03-03T20:18:29.427660,"r, 11.86m,0000001667Hz,0000000000c,0000000.000s, 026.1C"
2026-03-03T20:18:34.428322,"r, 11.89m,0000001623Hz,0000000000c,0000000.000s, 026.4C"
2026-03-03T20:18:39.429024,"r, 11.91m,0000001585Hz,0000000000c,0000000.000s, 026.1C"
2026-03-03T20:18:44.429741,"r, 11.80m,0000001761Hz,0000000000c,0000000.000s, 026.4C"
2026-03-03T20:18:49.430406,"r, 11.79m,0000001779Hz,0000000000c,0000000.000s, 026.4C"
2026-03-03T20:18:54.431093,"r, 11.82m,0000001738Hz,0000000000c,0000000.000s, 026.1C"
2026-03-03T20:18:59.431787,"r, 11.79m,0000001776Hz,0000000000c,0000000.000s, 026.4C"
2026-03-03T20:19:04.432518,"r, 11.80m,0000001759Hz,0000000000c,0000000.000s, 026.1C"
2026-03-03T20:19:09.433259,"r, 12.07m,0000001378Hz,0000000000c,0000000.000s, 026.1C"
2026-03-03T20:19:14.433969,"r, 11.94m,0000001553Hz,0000000000c,0000000.000s, 026.1C"
2026-03-03T20:19:19.434667,"r, 16.66m,0000000045Hz,0000023044c,0000000.050s, 026.4C"
2026-03-03T20:19:24.435313,"r, 16.71m,0000000019Hz,0000024155c,0000000.052s, 026.4C"
2026-03-03T20:19:29.436022,"r, 16.81m,0000000017Hz,0000026517c,0000000.058s, 026.4C"
2026-03-03T20:19:34.436687,"r, 16.82m,0000000017Hz,0000026996c,0000000.059s, 026.4C"
2026-03-03T20:19:39.437406,"r, 16.82m,0000000017Hz,0000026930c,0000000.058s, 026.4C"
2026-03-03T20:19:44.438083,"r, 16.82m,0000000017Hz,0000026876c,0000000.058s, 026.4C"
2026-03-03T20:19:49.438846,"r, 16.82m,0000000017Hz,0000026849c,0000000.058s, 026.1C"
2026-03-03T20:19:54.439524,"r, 16.82m,0000000017Hz,0000026760c,0000000.058s, 026.1C"
2026-03-03T20:19:59.440179,"r, 16.82m,0000000017Hz,0000026767c,0000000.058s, 026.1C"
2026-03-03T20:20:04.440979,"r, 16.81m,0000000018Hz,0000026641c,0000000.058s, 026.4C"
2026-03-03T20:20:09.441684,"r, 16.81m,0000000017Hz,0000026649c,0000000.058s, 026.4C"
2026-03-03T20:20:14.442344,"r, 16.81m,0000000018Hz,0000026679c,0000000.058s, 026.4C"
2026-03-03T20:20:19.443081,"r, 16.82m,0000000017Hz,0000026797c,0000000.058s, 026.1C"
2026-03-03T20:20:24.443744,"r, 16.82m,0000000017Hz,0000026815c,0000000.058s, 026.4C"
2026-03-03T20:20:29.444374,"r, 16.82m,0000000017Hz,0000026809c,0000000.058s, 026.4C"
2026-03-03T20:20:34.445062,"r, 16.82m,0000000017Hz,0000026783c,0000000.058s, 026.4C"
2026-03-03T20:20:39.445721,"r, 16.82m,0000000017Hz,0000026813c,0000000.058s, 026.4C"
2026-03-03T20:20:44.446406,"r, 16.81m,0000000017Hz,0000026750c,0000000.058s, 026.4C"
2026-03-03T20:20:49.447054,"r, 16.81m,0000000017Hz,0000026712c,0000000.058s, 026.1C"
2026-03-03T20:20:54.447778,"r, 16.81m,0000000017Hz,0000026609c,0000000.058s, 026.1C"
2026-03-03T20:20:59.448498,"r, 16.80m,0000000017Hz,0000026379c,0000000.057s, 026.1C"
2026-03-03T20:21:04.449187,"r, 16.80m,0000000017Hz,0000026419c,0000000.057s, 026.1C"
2026-03-03T20:21:09.449850,"r, 16.79m,0000000018Hz,0000026217c,0000000.057s, 026.1C"
2026-03-03T20:21:14.450572,"r, 16.79m,0000000017Hz,0000026156c,0000000.057s, 026.1C"
2026-03-03T20:21:19.451222,"r, 16.77m,0000000018Hz,0000025597c,0000000.056s, 026.1C"
2026-03-03T20:21:24.451891,"r, 16.76m,0000000018Hz,0000025469c,0000000.055s, 026.1C"
2026-03-03T20:21:29.452605,"r, 16.76m,0000000018Hz,0000025296c,0000000.055s, 026.1C"
2026-03-03T20:21:34.453331,"r, 16.75m,0000000018Hz,0000025191c,0000000.055s, 026.1C"
2026-03-03T20:21:39.454061,"r, 16.75m,0000000018Hz,0000025190c,0000000.055s, 026.1C"
2026-03-03T20:21:44.454777,"r, 16.74m,0000000019Hz,0000025025c,0000000.054s, 026.1C"
2026-03-03T20:21:49.455439,"r, 16.74m,0000000018Hz,0000025049c,0000000.054s, 026.1C"
2026-03-03T20:21:54.456072,"r, 16.73m,0000000019Hz,0000024677c,0000000.054s, 026.1C"
2026-03-03T20:21:59.456793,"r, 16.72m,0000000019Hz,0000024503c,0000000.053s, 026.1C"
2026-03-03T20:22:04.457404,"r, 16.72m,0000000019Hz,0000024435c,0000000.053s, 026.1C"
2026-03-03T20:22:09.458084,"r, 16.72m,0000000019Hz,0000024393c,0000000.053s, 026.1C"
2026-03-03T20:22:14.458766,"r, 16.71m,0000000019Hz,0000024248c,0000000.053s, 026.1C"
2026-03-03T20:22:19.459442,"r, 16.70m,0000000019Hz,0000024058c,0000000.052s, 026.1C"
2026-03-03T20:22:24.460143,"r, 16.69m,0000000019Hz,0000023880c,0000000.052s, 026.1C"
2026-03-03T20:22:29.461122,"r, 16.69m,0000000020Hz,0000023688c,0000000.051s, 026.1C"
2026-03-03T20:22:34.461866,"r, 16.68m,0000000019Hz,0000023563c,0000000.051s, 026.1C"
2026-03-03T20:22:39.462573,"r, 16.68m,0000000020Hz,0000023436c,0000000.051s, 026.1C"
2026-03-03T20:22:44.463287,"r, 16.67m,0000000019Hz,0000023307c,0000000.051s, 026.1C"
2026-03-03T20:22:49.463952,"r, 16.66m,0000000021Hz,0000023126c,0000000.050s, 026.1C"
2026-03-03T20:22:54.464613,"r, 16.65m,0000000020Hz,0000022995c,0000000.050s, 026.1C"
2026-03-03T20:22:59.465257,"r, 16.65m,0000000020Hz,0000022837c,0000000.050s, 026.1C"
2026-03-03T20:23:04.465873,"r, 16.64m,0000000020Hz,0000022684c,0000000.049s, 026.1C"
2026-03-03T20:23:09.466560,"r, 16.63m,0000000020Hz,0000022447c,0000000.049s, 026.1C"
2026-03-03T20:23:14.467204,"r, 16.62m,0000000021Hz,0000022382c,0000000.049s, 026.1C"
2026-03-03T20:23:19.467936,"r, 16.62m,0000000020Hz,0000022270c,0000000.048s, 026.1C"
2026-03-03T20:23:24.468628,"r, 16.61m,0000000021Hz,0000022132c,0000000.048s, 026.1C"
2026-03-03T20:23:29.469304,"r, 16.59m,0000000021Hz,0000021762c,0000000.047s, 026.1C"
2026-03-03T20:23:34.469906,"r, 16.59m,0000000021Hz,0000021659c,0000000.047s, 026.1C"
2026-03-03T20:23:39.470580,"r, 16.59m,0000000021Hz,0000021718c,0000000.047s, 026.1C"
2026-03-03T20:23:44.471234,"r, 16.58m,0000000022Hz,0000021595c,0000000.047s, 025.7C"
2026-03-03T20:23:49.471883,"r, 16.57m,0000000022Hz,0000021481c,0000000.047s, 026.1C"
2026-03-03T20:23:54.472549,"r, 16.57m,0000000022Hz,0000021365c,0000000.046s, 026.1C"
2026-03-03T20:23:59.473187,"r, 16.57m,0000000021Hz,0000021253c,0000000.046s, 026.1C"
2026-03-03T20:24:04.473801,"r, 16.56m,0000000022Hz,0000021174c,0000000.046s, 026.1C"
2026-03-03T20:24:09.474507,"r, 16.56m,0000000022Hz,0000021049c,0000000.046s, 026.1C"
2026-03-03T20:24:14.475247,"r, 16.55m,0000000022Hz,0000020959c,0000000.045s, 026.1C"
2026-03-03T20:24:19.476254,"r, 16.55m,0000000022Hz,0000020939c,0000000.045s, 026.1C"
2026-03-03T20:24:24.476908,"r, 16.54m,0000000022Hz,0000020850c,0000000.045s, 026.1C"
2026-03-03T20:24:29.477578,"r, 16.54m,0000000022Hz,0000020783c,0000000.045s, 026.1C"
2026-03-03T20:24:34.478260,"r, 16.52m,0000000022Hz,0000020433c,0000000.044s, 026.1C"
2026-03-03T20:24:39.478933,"r, 16.54m,0000000022Hz,0000020664c,0000000.045s, 025.7C"
2026-03-03T20:24:44.479670,"r, 16.54m,0000000022Hz,0000020617c,0000000.045s, 026.1C"
2026-03-03T20:24:49.480367,"r, 16.53m,0000000022Hz,0000020566c,0000000.045s, 025.7C"
2026-03-03T20:24:54.481054,"r, 16.53m,0000000023Hz,0000020494c,0000000.044s, 025.7C"
2026-03-03T20:24:59.481733,"r, 16.52m,0000000023Hz,0000020475c,0000000.044s, 025.7C"
2026-03-03T20:25:04.482370,"r, 16.52m,0000000023Hz,0000020437c,0000000.044s, 025.7C"
2026-03-03T20:25:09.483039,"r, 16.52m,0000000023Hz,0000020381c,0000000.044s, 025.7C"
2026-03-03T20:25:14.483689,"r, 16.52m,0000000022Hz,0000020339c,0000000.044s, 025.7C"
2026-03-03T20:25:19.484347,"r, 16.52m,0000000022Hz,0000020288c,0000000.044s, 025.7C"
2026-03-03T20:25:24.484990,"r, 16.52m,0000000022Hz,0000020225c,0000000.044s, 025.7C"
2026-03-03T20:25:29.485667,"r, 16.51m,0000000023Hz,0000020181c,0000000.044s, 025.7C"
2026-03-03T20:25:34.486399,"r, 16.51m,0000000023Hz,0000020116c,0000000.044s, 025.7C"
2026-03-03T20:25:39.487071,"r, 16.50m,0000000023Hz,0000020085c,0000000.044s, 025.7C"
2026-03-03T20:25:44.487827,"r, 16.50m,0000000023Hz,0000019994c,0000000.043s, 025.7C"
2026-03-03T20:25:49.488518,"r, 16.49m,0000000023Hz,0000019943c,0000000.043s, 025.7C"
2026-03-03T20:25:54.489158,"r, 16.49m,0000000023Hz,0000019914c,0000000.043s, 025.7C"
2026-03-03T20:25:59.490061,"r, 16.49m,0000000023Hz,0000019814c,0000000.043s, 025.7C"
2026-03-03T20:26:04.490745,"r, 16.49m,0000000023Hz,0000019771c,0000000.043s, 025.7C"
2026-03-03T20:26:09.491397,"r, 16.49m,0000000023Hz,0000019728c,0000000.043s, 025.7C"
2026-03-03T20:26:14.492097,"r, 16.48m,0000000023Hz,0000019660c,0000000.043s, 025.7C"
2026-03-03T20:26:19.492806,"r, 16.48m,0000000023Hz,0000019628c,0000000.043s, 025.7C"
2026-03-03T20:26:24.493496,"r, 16.48m,0000000024Hz,0000019592c,0000000.043s, 025.7C"
2026-03-03T20:26:29.494209,"r, 16.48m,0000000024Hz,0000019593c,0000000.043s, 025.7C"
2026-03-03T20:26:34.494872,"r, 16.47m,0000000024Hz,0000019570c,0000000.042s, 025.7C"
2026-03-03T20:26:39.495606,"r, 16.47m,0000000023Hz,0000019575c,0000000.042s, 025.7C"
2026-03-03T20:26:44.496342,"r, 16.47m,0000000023Hz,0000019563c,0000000.042s, 025.7C"
2026-03-03T20:26:49.497048,"r, 16.48m,0000000023Hz,0000019607c,0000000.043s, 025.7C"
2026-03-03T20:26:54.497743,"r, 16.48m,0000000023Hz,0000019641c,0000000.043s, 025.7C"
2026-03-03T20:26:59.498465,"r, 16.49m,0000000023Hz,0000019931c,0000000.043s, 025.7C"
2026-03-03T20:27:04.499173,"r, 16.49m,0000000023Hz,0000019756c,0000000.043s, 025.7C"
2026-03-03T20:27:09.499847,"r, 16.49m,0000000023Hz,0000019832c,0000000.043s, 025.7C"
2026-03-03T20:27:14.500506,"r, 16.49m,0000000023Hz,0000019849c,0000000.043s, 025.7C"
2026-03-03T20:27:19.501162,"r, 16.49m,0000000023Hz,0000019935c,0000000.043s, 025.7C"
2026-03-03T20:27:24.501825,"r, 16.50m,0000000023Hz,0000020005c,0000000.043s, 025.7C"
2026-03-03T20:27:29.502503,"r, 16.50m,0000000023Hz,0000020068c,0000000.044s, 025.7C"
2026-03-03T20:27:34.503174,"r, 16.51m,0000000023Hz,0000020129c,0000000.044s, 025.7C"
2026-03-03T20:27:39.503821,"r, 16.51m,0000000022Hz,0000020186c,0000000.044s, 025.7C"
2026-03-03T20:27:44.504458,"r, 16.52m,0000000023Hz,0000020263c,0000000.044s, 025.7C"
2026-03-03T20:27:49.505121,"r, 16.52m,0000000023Hz,0000020365c,0000000.044s, 025.7C"
2026-03-03T20:27:54.505770,"r, 16.52m,0000000022Hz,0000020456c,0000000.044s, 025.7C"
2026-03-03T20:27:59.506421,"r, 16.53m,0000000022Hz,0000020560c,0000000.045s, 025.7C"
2026-03-03T20:28:04.507150,"r, 16.53m,0000000023Hz,0000020606c,0000000.045s, 025.7C"
2026-03-03T20:28:09.507932,"r, 16.54m,0000000023Hz,0000020683c,0000000.045s, 025.7C"
2026-03-03T20:28:14.508685,"r, 16.54m,0000000023Hz,0000020686c,0000000.045s, 025.7C"
2026-03-03T20:28:19.509339,"r, 16.54m,0000000022Hz,0000020658c,0000000.045s, 025.7C"
2026-03-03T20:28:24.510010,"r, 16.53m,0000000023Hz,0000020581c,0000000.045s, 025.7C"
2026-03-03T20:28:29.510687,"r, 16.53m,0000000023Hz,0000020607c,0000000.045s, 025.4C"
2026-03-03T20:28:34.511307,"r, 16.54m,0000000022Hz,0000020629c,0000000.045s, 025.4C"
2026-03-03T20:28:39.511993,"r, 16.54m,0000000022Hz,0000020665c,0000000.045s, 025.7C"
2026-03-03T20:28:44.512691,"r, 16.54m,0000000022Hz,0000020702c,0000000.045s, 025.4C"
2026-03-03T20:28:49.513404,"r, 16.54m,0000000022Hz,0000020751c,0000000.045s, 025.4C"
2026-03-03T20:28:54.514122,"r, 16.54m,0000000022Hz,0000020819c,0000000.045s, 025.4C"
2026-03-03T20:28:59.514814,"r, 16.54m,0000000022Hz,0000020855c,0000000.045s, 025.4C"
2026-03-03T20:29:04.515501,"r, 16.55m,0000000022Hz,0000020899c,0000000.045s, 025.4C"
2026-03-03T20:29:09.516175,"r, 16.55m,0000000022Hz,0000020941c,0000000.045s, 025.4C"
2026-03-03T20:29:14.516997,"r, 16.55m,0000000022Hz,0000020896c,0000000.045s, 025.4C"
2026-03-03T20:29:19.517712,"r, 16.56m,0000000022Hz,0000021038c,0000000.046s, 025.4C"
2026-03-03T20:29:24.518499,"r, 16.56m,0000000022Hz,0000021093c,0000000.046s, 025.4C"
2026-03-03T20:29:29.519122,"r, 16.56m,0000000022Hz,0000021094c,0000000.046s, 025.4C"
2026-03-03T20:29:34.519805,"r, 16.56m,0000000022Hz,0000021085c,0000000.046s, 025.4C"
2026-03-03T20:29:39.520486,"r, 16.56m,0000000022Hz,0000021089c,0000000.046s, 025.4C"
2026-03-03T20:29:44.521195,"r, 16.56m,0000000021Hz,0000021093c,0000000.046s, 025.4C"
2026-03-03T20:29:49.521891,"r, 16.56m,0000000021Hz,0000021061c,0000000.046s, 025.4C"
2026-03-03T20:29:54.522570,"r, 16.56m,0000000022Hz,0000021038c,0000000.046s, 025.4C"
2026-03-03T20:29:59.523177,"r, 16.56m,0000000022Hz,0000021038c,0000000.046s, 025.4C"
2026-03-03T20:30:04.523826,"r, 16.55m,0000000022Hz,0000020875c,0000000.045s, 025.4C"
2026-03-03T20:30:09.524503,"r, 16.55m,0000000022Hz,0000020954c,0000000.045s, 025.4C"
2026-03-03T20:30:14.525130,"r, 16.55m,0000000022Hz,0000020906c,0000000.045s, 025.4C"
2026-03-03T20:30:19.525859,"r, 16.54m,0000000022Hz,0000020810c,0000000.045s, 025.4C"
2026-03-03T20:30:24.526568,"r, 16.54m,0000000022Hz,0000020718c,0000000.045s, 025.4C"
2026-03-03T20:30:29.527207,"r, 16.54m,0000000022Hz,0000020697c,0000000.045s, 025.4C"
2026-03-03T20:30:34.527866,"r, 16.53m,0000000022Hz,0000020590c,0000000.045s, 025.4C"
2026-03-03T20:30:39.528512,"r, 16.52m,0000000023Hz,0000020446c,0000000.044s, 025.4C"
2026-03-03T20:30:44.529222,"r, 16.52m,0000000022Hz,0000020259c,0000000.044s, 025.4C"
2026-03-03T20:30:49.529859,"r, 16.52m,0000000023Hz,0000020225c,0000000.044s, 025.4C"
2026-03-03T20:30:54.530505,"r, 16.51m,0000000022Hz,0000020176c,0000000.044s, 025.4C"
2026-03-03T20:30:59.531130,"r, 16.50m,0000000023Hz,0000020044c,0000000.043s, 025.4C"
2026-03-03T20:31:04.531770,"r, 16.51m,0000000023Hz,0000020137c,0000000.044s, 025.4C"
2026-03-03T20:31:09.532470,"r, 16.51m,0000000023Hz,0000020133c,0000000.044s, 025.4C"
2026-03-03T20:31:14.533129,"r, 16.49m,0000000023Hz,0000019923c,0000000.043s, 025.4C"
2026-03-03T20:31:19.533854,"r, 16.50m,0000000023Hz,0000020070c,0000000.044s, 025.4C"
2026-03-03T20:31:24.534555,"r, 16.49m,0000000023Hz,0000019903c,0000000.043s, 025.4C"
2026-03-03T20:31:29.535280,"r, 16.49m,0000000023Hz,0000019886c,0000000.043s, 025.4C"
2026-03-03T20:31:34.536010,"r, 16.49m,0000000023Hz,0000019931c,0000000.043s, 025.4C"
2026-03-03T20:31:39.536659,"r, 16.49m,0000000023Hz,0000019889c,0000000.043s, 025.4C"
2026-03-03T20:31:44.537318,"r, 16.49m,0000000023Hz,0000019879c,0000000.043s, 025.4C"
2026-03-03T20:31:49.538011,"r, 16.50m,0000000023Hz,0000019970c,0000000.043s, 025.4C"
2026-03-03T20:31:54.538952,"r, 16.51m,0000000023Hz,0000020193c,0000000.044s, 025.4C"
2026-03-03T20:31:59.539929,"r, 16.51m,0000000023Hz,0000020181c,0000000.044s, 025.4C"
2026-03-03T20:32:04.540612,"r, 16.50m,0000000023Hz,0000020037c,0000000.043s, 025.4C"
2026-03-03T20:32:09.541239,"r, 16.49m,0000000024Hz,0000019925c,0000000.043s, 025.4C"
2026-03-03T20:32:14.541930,"r, 16.51m,0000000022Hz,0000020203c,0000000.044s, 025.4C"
2026-03-03T20:32:19.542940,"r, 16.51m,0000000022Hz,0000020158c,0000000.044s, 025.4C"
2026-03-03T20:32:24.543748,"r, 16.51m,0000000022Hz,0000020187c,0000000.044s, 025.4C"
2026-03-03T20:32:29.544346,"r, 16.50m,0000000023Hz,0000020022c,0000000.043s, 025.4C"
2026-03-03T20:32:34.544951,"r, 16.48m,0000000023Hz,0000019654c,0000000.043s, 025.4C"
2026-03-03T20:32:39.545549,"r, 16.49m,0000000024Hz,0000019772c,0000000.043s, 025.4C"
2026-03-03T20:32:44.546241,"r, 16.47m,0000000023Hz,0000019577c,0000000.042s, 025.4C"
2026-03-03T20:32:49.546892,"r, 16.48m,0000000023Hz,0000019642c,0000000.043s, 025.4C"
2026-03-03T20:32:54.547566,"r, 16.48m,0000000023Hz,0000019634c,0000000.043s, 025.4C"
2026-03-03T20:32:59.548219,"r, 16.48m,0000000024Hz,0000019617c,0000000.043s, 025.4C"
2026-03-03T20:33:04.548842,"r, 16.48m,0000000024Hz,0000019669c,0000000.043s, 025.4C"
2026-03-03T20:33:09.549509,"r, 16.47m,0000000023Hz,0000019580c,0000000.042s, 025.4C"
2026-03-03T20:33:14.550270,"r, 16.47m,0000000023Hz,0000019504c,0000000.042s, 025.4C"
2026-03-03T20:33:19.550945,"r, 16.47m,0000000024Hz,0000019461c,0000000.042s, 025.4C"
2026-03-03T20:33:24.551556,"r, 16.47m,0000000023Hz,0000019428c,0000000.042s, 025.4C"
2026-03-03T20:33:29.552207,"r, 16.47m,0000000024Hz,0000019402c,0000000.042s, 025.4C"
2026-03-03T20:33:34.552917,"r, 16.46m,0000000024Hz,0000019277c,0000000.042s, 025.4C"
2026-03-03T20:33:39.553602,"r, 16.45m,0000000024Hz,0000019162c,0000000.042s, 025.4C"
2026-03-03T20:33:44.554270,"r, 16.45m,0000000024Hz,0000019129c,0000000.042s, 025.4C"
2026-03-03T20:33:49.554937,"r, 16.45m,0000000024Hz,0000019098c,0000000.041s, 025.4C"
2026-03-03T20:33:54.555563,"r, 16.44m,0000000024Hz,0000019059c,0000000.041s, 025.4C"
2026-03-03T20:33:59.556267,"r, 16.45m,0000000024Hz,0000019186c,0000000.042s, 025.4C"
2026-03-03T20:34:04.557062,"r, 16.44m,0000000024Hz,0000019000c,0000000.041s, 025.4C"
2026-03-03T20:34:09.557816,"r, 16.44m,0000000024Hz,0000019006c,0000000.041s, 025.4C"
2026-03-03T20:34:14.558448,"r, 16.44m,0000000024Hz,0000018940c,0000000.041s, 025.4C"
2026-03-03T20:34:19.559129,"r, 16.44m,0000000025Hz,0000018902c,0000000.041s, 025.4C"
2026-03-03T20:34:24.559804,"r, 16.44m,0000000024Hz,0000019045c,0000000.041s, 025.4C"
2026-03-03T20:34:29.560527,"r, 16.44m,0000000024Hz,0000019018c,0000000.041s, 025.4C"
2026-03-03T20:34:34.561175,"r, 16.44m,0000000024Hz,0000019056c,0000000.041s, 025.4C"
2026-03-03T20:34:39.561876,"r, 16.44m,0000000024Hz,0000019033c,0000000.041s, 025.4C"
2026-03-03T20:34:44.562498,"r, 16.44m,0000000024Hz,0000019003c,0000000.041s, 025.1C"
2026-03-03T20:34:49.563164,"r, 16.44m,0000000025Hz,0000018999c,0000000.041s, 025.4C"
2026-03-03T20:34:54.563815,"r, 16.44m,0000000024Hz,0000018961c,0000000.041s, 025.4C"
2026-03-03T20:34:59.564511,"r, 16.44m,0000000025Hz,0000018943c,0000000.041s, 025.4C"
2026-03-03T20:35:04.565331,"r, 16.43m,0000000025Hz,0000018761c,0000000.041s, 025.1C"
2026-03-03T20:35:09.566033,"r, 16.44m,0000000024Hz,0000018888c,0000000.041s, 025.1C"
2026-03-03T20:35:14.566628,"r, 16.44m,0000000025Hz,0000018882c,0000000.041s, 025.4C"
2026-03-03T20:35:19.567258,"r, 16.43m,0000000024Hz,0000018693c,0000000.041s, 025.4C"
2026-03-03T20:35:24.568001,"r, 16.43m,0000000025Hz,0000018807c,0000000.041s, 025.4C"
2026-03-03T20:35:29.568741,"r, 16.43m,0000000024Hz,0000018778c,0000000.041s, 025.4C"
2026-03-03T20:35:34.569445,"r, 16.43m,0000000025Hz,0000018810c,0000000.041s, 025.1C"
2026-03-03T20:35:39.570124,"r, 16.44m,0000000024Hz,0000018854c,0000000.041s, 025.1C"
2026-03-03T20:35:44.570750,"r, 16.44m,0000000024Hz,0000018905c,0000000.041s, 025.4C"
2026-03-03T20:35:49.571438,"r, 16.44m,0000000024Hz,0000018946c,0000000.041s, 025.1C"
2026-03-03T20:35:54.572164,"r, 16.44m,0000000024Hz,0000018929c,0000000.041s, 025.1C"
2026-03-03T20:35:59.572862,"r, 16.44m,0000000025Hz,0000018854c,0000000.041s, 025.1C"
2026-03-03T20:36:04.573566,"r, 16.43m,0000000024Hz,0000018783c,0000000.041s, 025.1C"
2026-03-03T20:36:09.574226,"r, 16.43m,0000000025Hz,0000018753c,0000000.041s, 025.1C"
2026-03-03T20:36:14.574905,"r, 16.43m,0000000025Hz,0000018719c,0000000.041s, 025.1C"
2026-03-03T20:36:19.575619,"r, 16.42m,0000000025Hz,0000018545c,0000000.040s, 025.1C"
2026-03-03T20:36:24.576232,"r, 16.42m,0000000024Hz,0000018514c,0000000.040s, 025.1C"
2026-03-03T20:36:29.576863,"r, 16.42m,0000000025Hz,0000018592c,0000000.040s, 025.1C"
2026-03-03T20:36:34.577482,"r, 16.42m,0000000025Hz,0000018535c,0000000.040s, 025.1C"
2026-03-03T20:36:39.578191,"r, 16.42m,0000000025Hz,0000018635c,0000000.040s, 025.1C"
2026-03-03T20:36:44.578853,"r, 16.42m,0000000025Hz,0000018573c,0000000.040s, 025.1C"
2026-03-03T20:36:49.579539,"r, 16.42m,0000000025Hz,0000018615c,0000000.040s, 025.1C"
2026-03-03T20:36:54.580232,"r, 16.42m,0000000025Hz,0000018596c,0000000.040s, 025.1C"
2026-03-03T20:36:59.580891,"r, 16.42m,0000000025Hz,0000018585c,0000000.040s, 025.1C"
2026-03-03T20:37:04.581607,"r, 16.42m,0000000025Hz,0000018440c,0000000.040s, 025.1C"
2026-03-03T20:37:09.582255,"r, 16.42m,0000000025Hz,0000018596c,0000000.040s, 025.1C"
2026-03-03T20:37:14.582940,"r, 16.42m,0000000025Hz,0000018528c,0000000.040s, 025.1C"
2026-03-03T20:37:19.583615,"r, 16.42m,0000000025Hz,0000018584c,0000000.040s, 025.1C"
2026-03-03T20:37:24.584255,"r, 16.42m,0000000025Hz,0000018441c,0000000.040s, 025.1C"
2026-03-03T20:37:29.584921,"r, 16.42m,0000000025Hz,0000018510c,0000000.040s, 025.1C"
2026-03-03T20:37:34.585653,"r, 16.42m,0000000025Hz,0000018437c,0000000.040s, 025.1C"
2026-03-03T20:37:39.586332,"r, 16.42m,0000000025Hz,0000018600c,0000000.040s, 025.1C"
2026-03-03T20:37:44.586942,"r, 16.42m,0000000025Hz,0000018594c,0000000.040s, 025.1C"
2026-03-03T20:37:49.587531,"r, 16.42m,0000000025Hz,0000018465c,0000000.040s, 025.1C"
2026-03-03T20:37:54.588170,"r, 16.42m,0000000025Hz,0000018467c,0000000.040s, 025.1C"
2026-03-03T20:37:59.588900,"r, 16.42m,0000000025Hz,0000018448c,0000000.040s, 025.1C"
2026-03-03T20:38:04.589644,"r, 16.42m,0000000025Hz,0000018441c,0000000.040s, 025.1C"
2026-03-03T20:38:09.590252,"r, 16.44m,0000000024Hz,0000018835c,0000000.041s, 025.1C"
2026-03-03T20:38:14.590872,"r, 16.42m,0000000025Hz,0000018580c,0000000.040s, 025.1C"
2026-03-03T20:38:19.591536,"r, 16.41m,0000000025Hz,0000018430c,0000000.040s, 025.1C"
2026-03-03T20:38:24.592172,"r, 16.41m,0000000025Hz,0000018414c,0000000.040s, 025.1C"
2026-03-03T20:38:29.592872,"r, 16.42m,0000000025Hz,0000018435c,0000000.040s, 025.1C"
2026-03-03T20:38:34.593607,"r, 16.42m,0000000025Hz,0000018453c,0000000.040s, 025.1C"
2026-03-03T20:38:39.594241,"r, 16.41m,0000000025Hz,0000018399c,0000000.040s, 025.1C"
2026-03-03T20:38:44.594856,"r, 16.42m,0000000025Hz,0000018445c,0000000.040s, 025.1C"
2026-03-03T20:38:49.595482,"r, 16.42m,0000000024Hz,0000018489c,0000000.040s, 025.1C"
2026-03-03T20:38:54.596057,"r, 16.42m,0000000025Hz,0000018488c,0000000.040s, 025.1C"
2026-03-03T20:38:59.596657,"r, 16.42m,0000000025Hz,0000018495c,0000000.040s, 025.1C"
2026-03-03T20:39:04.597309,"r, 16.42m,0000000025Hz,0000018500c,0000000.040s, 025.1C"
2026-03-03T20:39:09.597860,"r, 16.42m,0000000025Hz,0000018645c,0000000.040s, 025.1C"
2026-03-03T20:39:14.598509,"r, 16.42m,0000000025Hz,0000018507c,0000000.040s, 025.1C"
2026-03-03T20:39:19.599250,"r, 16.42m,0000000024Hz,0000018507c,0000000.040s, 025.1C"
2026-03-03T20:39:24.599932,"r, 16.42m,0000000025Hz,0000018508c,0000000.040s, 025.1C"
2026-03-03T20:39:29.600653,"r, 16.42m,0000000025Hz,0000018483c,0000000.040s, 025.1C"
2026-03-03T20:39:34.601403,"r, 16.42m,0000000024Hz,0000018489c,0000000.040s, 025.1C"
2026-03-03T20:39:39.602129,"r, 16.42m,0000000025Hz,0000018521c,0000000.040s, 025.1C"
2026-03-03T20:39:44.602846,"r, 16.42m,0000000025Hz,0000018548c,0000000.040s, 025.1C"
2026-03-03T20:39:49.603525,"r, 16.42m,0000000025Hz,0000018557c,0000000.040s, 025.1C"
2026-03-03T20:39:54.604228,"r, 16.42m,0000000025Hz,0000018577c,0000000.040s, 025.1C"
2026-03-03T20:39:59.604868,"r, 16.44m,0000000025Hz,0000018847c,0000000.041s, 025.1C"
2026-03-03T20:40:04.605615,"r, 16.42m,0000000024Hz,0000018572c,0000000.040s, 025.1C"
2026-03-03T20:40:09.606250,"r, 16.43m,0000000024Hz,0000018734c,0000000.041s, 025.1C"
2026-03-03T20:40:14.606913,"r, 16.42m,0000000024Hz,0000018583c,0000000.040s, 025.1C"
2026-03-03T20:40:19.607562,"r, 16.42m,0000000025Hz,0000018601c,0000000.040s, 025.1C"
2026-03-03T20:40:24.608295,"r, 16.42m,0000000025Hz,0000018622c,0000000.040s, 025.1C"
2026-03-03T20:40:29.608983,"r, 16.42m,0000000025Hz,0000018646c,0000000.040s, 025.1C"
2026-03-03T20:40:34.609675,"r, 16.42m,0000000025Hz,0000018682c,0000000.041s, 025.1C"
2026-03-03T20:40:39.610379,"r, 16.43m,0000000024Hz,0000018697c,0000000.041s, 025.1C"
2026-03-03T20:40:44.611001,"r, 16.43m,0000000025Hz,0000018735c,0000000.041s, 025.1C"
2026-03-03T20:40:49.611719,"r, 16.43m,0000000024Hz,0000018759c,0000000.041s, 025.1C"
2026-03-03T20:40:54.612409,"r, 16.43m,0000000025Hz,0000018801c,0000000.041s, 025.1C"
2026-03-03T20:40:59.613082,"r, 16.43m,0000000025Hz,0000018740c,0000000.041s, 025.1C"
2026-03-03T20:41:04.613839,"r, 16.44m,0000000024Hz,0000018874c,0000000.041s, 025.1C"
2026-03-03T20:41:09.614564,"r, 16.44m,0000000025Hz,0000018918c,0000000.041s, 025.1C"
2026-03-03T20:41:14.615249,"r, 16.44m,0000000025Hz,0000018955c,0000000.041s, 025.1C"
2026-03-03T20:41:19.615927,"r, 16.44m,0000000024Hz,0000018979c,0000000.041s, 025.1C"
2026-03-03T20:41:24.616579,"r, 16.44m,0000000024Hz,0000019014c,0000000.041s, 025.1C"
2026-03-03T20:41:29.617179,"r, 16.44m,0000000024Hz,0000019034c,0000000.041s, 025.1C"
2026-03-03T20:41:34.617868,"r, 16.44m,0000000024Hz,0000019048c,0000000.041s, 025.1C"
2026-03-03T20:41:39.618536,"r, 16.45m,0000000024Hz,0000019075c,0000000.041s, 025.1C"
2026-03-03T20:41:44.619232,"r, 16.45m,0000000024Hz,0000019114c,0000000.041s, 025.1C"
2026-03-03T20:41:49.619876,"r, 16.45m,0000000024Hz,0000019096c,0000000.041s, 025.1C"
2026-03-03T20:41:54.620624,"r, 16.45m,0000000024Hz,0000019146c,0000000.042s, 025.1C"
2026-03-03T20:41:59.621421,"r, 16.45m,0000000024Hz,0000019152c,0000000.042s, 025.1C"
2026-03-03T20:42:04.622135,"r, 16.45m,0000000024Hz,0000019145c,0000000.042s, 025.1C"
2026-03-03T20:42:09.622839,"r, 16.45m,0000000024Hz,0000019155c,0000000.042s, 025.1C"
2026-03-03T20:42:14.623579,"r, 16.46m,0000000024Hz,0000019201c,0000000.042s, 025.1C"
2026-03-03T20:42:19.624231,"r, 16.46m,0000000024Hz,0000019227c,0000000.042s, 025.1C"
2026-03-03T20:42:24.624959,"r, 16.46m,0000000024Hz,0000019241c,0000000.042s, 025.1C"
2026-03-03T20:42:29.625603,"r, 16.46m,0000000024Hz,0000019253c,0000000.042s, 025.1C"
2026-03-03T20:42:34.626315,"r, 16.46m,0000000024Hz,0000019260c,0000000.042s, 025.1C"
2026-03-03T20:42:39.627062,"r, 16.46m,0000000024Hz,0000019239c,0000000.042s, 025.1C"
2026-03-03T20:42:44.627829,"r, 16.46m,0000000024Hz,0000019288c,0000000.042s, 025.1C"
2026-03-03T20:42:49.628474,"r, 16.46m,0000000023Hz,0000019294c,0000000.042s, 025.1C"
2026-03-03T20:42:54.629112,"r, 16.46m,0000000024Hz,0000019294c,0000000.042s, 025.1C"
2026-03-03T20:42:59.629835,"r, 16.46m,0000000024Hz,0000019299c,0000000.042s, 025.1C"
2026-03-03T20:43:04.630473,"r, 16.46m,0000000024Hz,0000019289c,0000000.042s, 025.1C"
2026-03-03T20:43:09.631114,"r, 16.46m,0000000024Hz,0000019313c,0000000.042s, 025.1C"
2026-03-03T20:43:14.631768,"r, 16.46m,0000000023Hz,0000019315c,0000000.042s, 025.1C"
2026-03-03T20:43:19.632467,"r, 16.47m,0000000024Hz,0000019336c,0000000.042s, 025.1C"
2026-03-03T20:43:24.633146,"r, 16.46m,0000000024Hz,0000019322c,0000000.042s, 025.1C"
2026-03-03T20:43:29.633816,"r, 16.47m,0000000024Hz,0000019328c,0000000.042s, 025.1C"
2026-03-03T20:43:34.634533,"r, 16.46m,0000000024Hz,0000019323c,0000000.042s, 025.1C"
2026-03-03T20:43:39.635163,"r, 16.47m,0000000024Hz,0000019342c,0000000.042s, 025.1C"
2026-03-03T20:43:44.635828,"r, 16.47m,0000000024Hz,0000019344c,0000000.042s, 025.1C"
2026-03-03T20:43:49.636492,"r, 16.46m,0000000023Hz,0000019325c,0000000.042s, 025.1C"
2026-03-03T20:43:54.637210,"r, 16.47m,0000000023Hz,0000019341c,0000000.042s, 025.1C"
2026-03-03T20:43:59.637940,"r, 16.47m,0000000024Hz,0000019344c,0000000.042s, 025.1C"
2026-03-03T20:44:04.638611,"r, 16.47m,0000000024Hz,0000019342c,0000000.042s, 025.1C"
2026-03-03T20:44:09.639262,"r, 16.47m,0000000024Hz,0000019330c,0000000.042s, 025.1C"
2026-03-03T20:44:14.639883,"r, 16.46m,0000000024Hz,0000019327c,0000000.042s, 025.1C"
2026-03-03T20:44:19.640525,"r, 16.46m,0000000023Hz,0000019319c,0000000.042s, 025.1C"
2026-03-03T20:44:24.641354,"r, 16.47m,0000000023Hz,0000019331c,0000000.042s, 025.1C"
2026-03-03T20:44:29.642150,"r, 16.46m,0000000024Hz,0000019324c,0000000.042s, 025.1C"
2026-03-03T20:44:34.642804,"r, 16.47m,0000000024Hz,0000019328c,0000000.042s, 025.1C"
2026-03-03T20:44:39.643489,"r, 16.46m,0000000024Hz,0000019320c,0000000.042s, 025.1C"
2026-03-03T20:44:44.644216,"r, 16.46m,0000000024Hz,0000019313c,0000000.042s, 025.1C"
2026-03-03T20:44:49.644926,"r, 16.46m,0000000024Hz,0000019287c,0000000.042s, 025.1C"
2026-03-03T20:44:54.645601,"r, 16.46m,0000000024Hz,0000019306c,0000000.042s, 025.1C"
2026-03-03T20:44:59.646297,"r, 16.46m,0000000023Hz,0000019296c,0000000.042s, 025.1C"
2026-03-03T20:45:04.646906,"r, 16.46m,0000000024Hz,0000019306c,0000000.042s, 025.1C"
2026-03-03T20:45:09.647580,"r, 16.46m,0000000024Hz,0000019294c,0000000.042s, 025.1C"
2026-03-03T20:45:14.648213,"r, 16.46m,0000000024Hz,0000019239c,0000000.042s, 025.1C"
2026-03-03T20:45:19.648946,"r, 16.46m,0000000024Hz,0000019285c,0000000.042s, 025.1C"
2026-03-03T20:45:24.649696,"r, 16.46m,0000000024Hz,0000019278c,0000000.042s, 025.1C"
2026-03-03T20:45:29.650366,"r, 16.46m,0000000023Hz,0000019281c,0000000.042s, 025.1C"
2026-03-03T20:45:34.651056,"r, 16.46m,0000000024Hz,0000019262c,0000000.042s, 025.1C"
2026-03-03T20:45:39.651723,"r, 16.44m,0000000024Hz,0000018920c,0000000.041s, 025.1C"
2026-03-03T20:45:44.652458,"r, 16.46m,0000000024Hz,0000019232c,0000000.042s, 025.1C"
2026-03-03T20:45:49.653187,"r, 16.46m,0000000024Hz,0000019264c,0000000.042s, 025.1C"
2026-03-03T20:45:54.653934,"r, 16.46m,0000000024Hz,0000019269c,0000000.042s, 025.1C"
2026-03-03T20:45:59.654688,"r, 16.46m,0000000024Hz,0000019267c,0000000.042s, 025.1C"
2026-03-03T20:46:04.655327,"r, 16.46m,0000000024Hz,0000019254c,0000000.042s, 025.1C"
2026-03-03T20:46:09.656068,"r, 16.46m,0000000024Hz,0000019224c,0000000.042s, 025.1C"
2026-03-03T20:46:14.656773,"r, 16.46m,0000000024Hz,0000019255c,0000000.042s, 025.1C"
2026-03-03T20:46:19.657485,"r, 16.46m,0000000024Hz,0000019251c,0000000.042s, 025.1C"
2026-03-03T20:46:24.658182,"r, 16.46m,0000000024Hz,0000019250c,0000000.042s, 025.1C"
2026-03-03T20:46:29.658915,"r, 16.46m,0000000024Hz,0000019244c,0000000.042s, 025.1C"
2026-03-03T20:46:34.659574,"r, 16.46m,0000000024Hz,0000019242c,0000000.042s, 025.1C"
2026-03-03T20:46:39.660232,"r, 16.46m,0000000024Hz,0000019240c,0000000.042s, 025.1C"
2026-03-03T20:46:44.660896,"r, 16.45m,0000000024Hz,0000019196c,0000000.042s, 025.1C"
2026-03-03T20:46:49.661546,"r, 16.46m,0000000024Hz,0000019236c,0000000.042s, 025.1C"
2026-03-03T20:46:54.662237,"r, 16.45m,0000000024Hz,0000019146c,0000000.042s, 025.1C"
2026-03-03T20:46:59.662883,"r, 16.46m,0000000024Hz,0000019226c,0000000.042s, 025.1C"
2026-03-03T20:47:04.663583,"r, 16.45m,0000000025Hz,0000019079c,0000000.041s, 025.1C"
2026-03-03T20:47:09.664247,"r, 16.46m,0000000024Hz,0000019225c,0000000.042s, 025.1C"
2026-03-03T20:47:14.664926,"r, 16.45m,0000000024Hz,0000019193c,0000000.042s, 025.1C"
2026-03-03T20:47:19.665669,"r, 16.45m,0000000024Hz,0000019155c,0000000.042s, 025.1C"
2026-03-03T20:47:24.666334,"r, 16.46m,0000000024Hz,0000019204c,0000000.042s, 025.1C"
2026-03-03T20:47:29.667032,"r, 16.45m,0000000024Hz,0000019197c,0000000.042s, 025.1C"
2026-03-03T20:47:34.667759,"r, 16.46m,0000000024Hz,0000019205c,0000000.042s, 025.1C"
2026-03-03T20:47:39.668385,"r, 16.46m,0000000024Hz,0000019208c,0000000.042s, 025.1C"
2026-03-03T20:47:44.669063,"r, 16.45m,0000000024Hz,0000019198c,0000000.042s, 025.1C"
2026-03-03T20:47:49.669783,"r, 16.45m,0000000024Hz,0000019182c,0000000.042s, 025.1C"
2026-03-03T20:47:54.670462,"r, 16.46m,0000000024Hz,0000019202c,0000000.042s, 025.1C"
2026-03-03T20:47:59.671158,"r, 16.45m,0000000024Hz,0000019195c,0000000.042s, 025.1C"
2026-03-03T20:48:04.671892,"r, 16.45m,0000000024Hz,0000019188c,0000000.042s, 025.1C"
2026-03-03T20:48:09.672541,"r, 16.46m,0000000024Hz,0000019204c,0000000.042s, 025.1C"
2026-03-03T20:48:14.673169,"r, 16.46m,0000000024Hz,0000019218c,0000000.042s, 025.1C"
2026-03-03T20:48:19.673892,"r, 16.45m,0000000024Hz,0000019185c,0000000.042s, 025.1C"
2026-03-03T20:48:24.674644,"r, 16.46m,0000000024Hz,0000019203c,0000000.042s, 025.1C"
2026-03-03T20:48:29.675304,"r, 16.46m,0000000024Hz,0000019202c,0000000.042s, 025.1C"
2026-03-03T20:48:34.675933,"r, 16.45m,0000000024Hz,0000019195c,0000000.042s, 025.1C"
2026-03-03T20:48:39.676605,"r, 16.45m,0000000024Hz,0000019186c,0000000.042s, 025.1C"
2026-03-03T20:48:44.677283,"r, 16.45m,0000000024Hz,0000019139c,0000000.042s, 025.1C"
2026-03-03T20:48:49.677992,"r, 16.45m,0000000024Hz,0000019169c,0000000.042s, 025.1C"
2026-03-03T20:48:54.678633,"r, 16.45m,0000000024Hz,0000019179c,0000000.042s, 025.1C"
2026-03-03T20:48:59.679301,"r, 16.45m,0000000024Hz,0000019177c,0000000.042s, 025.1C"
2026-03-03T20:49:04.679972,"r, 16.47m,0000000024Hz,0000019332c,0000000.042s, 025.1C"
2026-03-03T20:49:09.680585,"r, 16.45m,0000000024Hz,0000019181c,0000000.042s, 025.1C"
2026-03-03T20:49:14.681234,"r, 16.47m,0000000024Hz,0000019328c,0000000.042s, 025.1C"
2026-03-03T20:49:19.681928,"r, 16.46m,0000000024Hz,0000019289c,0000000.042s, 025.1C"
2026-03-03T20:49:24.682599,"r, 16.45m,0000000024Hz,0000019185c,0000000.042s, 025.1C"
2026-03-03T20:49:29.683210,"r, 16.45m,0000000024Hz,0000019159c,0000000.042s, 025.1C"
2026-03-03T20:49:34.683902,"r, 16.45m,0000000024Hz,0000019159c,0000000.042s, 025.1C"
2026-03-03T20:49:39.684581,"r, 16.45m,0000000024Hz,0000019156c,0000000.042s, 025.1C"
2026-03-03T20:49:44.685268,"r, 16.45m,0000000024Hz,0000019173c,0000000.042s, 025.1C"
2026-03-03T20:49:49.686012,"r, 16.45m,0000000024Hz,0000019163c,0000000.042s, 025.1C"
2026-03-03T20:49:54.686708,"r, 16.45m,0000000024Hz,0000019177c,0000000.042s, 025.1C"
2026-03-03T20:49:59.687368,"r, 16.45m,0000000024Hz,0000019151c,0000000.042s, 025.1C"
2026-03-03T20:50:04.687961,"r, 16.45m,0000000024Hz,0000019149c,0000000.042s, 025.1C"
2026-03-03T20:50:09.688572,"r, 16.45m,0000000024Hz,0000019161c,0000000.042s, 025.1C"
2026-03-03T20:50:14.689316,"r, 16.45m,0000000024Hz,0000019168c,0000000.042s, 025.1C"
2026-03-03T20:50:19.689977,"r, 16.45m,0000000024Hz,0000019168c,0000000.042s, 025.1C"
2026-03-03T20:50:24.690663,"r, 16.45m,0000000024Hz,0000019106c,0000000.041s, 025.1C"
2026-03-03T20:50:29.691288,"r, 16.45m,0000000024Hz,0000019138c,0000000.042s, 025.1C"
2026-03-03T20:50:34.692006,"r, 16.45m,0000000024Hz,0000019134c,0000000.042s, 025.1C"
2026-03-03T20:50:39.692679,"r, 16.45m,0000000024Hz,0000019126c,0000000.042s, 025.1C"
2026-03-03T20:50:44.693323,"r, 16.45m,0000000024Hz,0000019108c,0000000.041s, 025.1C"
2026-03-03T20:50:49.693980,"r, 16.45m,0000000024Hz,0000019113c,0000000.041s, 025.1C"
2026-03-03T20:50:54.694609,"r, 16.44m,0000000024Hz,0000019068c,0000000.041s, 025.1C"
2026-03-03T20:50:59.695253,"r, 16.45m,0000000024Hz,0000019094c,0000000.041s, 025.1C"
2026-03-03T20:51:04.695944,"r, 16.45m,0000000024Hz,0000019083c,0000000.041s, 025.1C"
2026-03-03T20:51:09.696575,"r, 16.45m,0000000024Hz,0000019075c,0000000.041s, 025.1C"
2026-03-03T20:51:14.697159,"r, 16.44m,0000000024Hz,0000019066c,0000000.041s, 025.1C"
2026-03-03T20:51:19.697821,"r, 16.44m,0000000025Hz,0000019052c,0000000.041s, 025.1C"
2026-03-03T20:51:24.698465,"r, 16.44m,0000000025Hz,0000019062c,0000000.041s, 025.1C"
2026-03-03T20:51:29.699051,"r, 16.45m,0000000024Hz,0000019072c,0000000.041s, 025.1C"
2026-03-03T20:51:34.699980,"r, 16.44m,0000000024Hz,0000019071c,0000000.041s, 025.1C"
2026-03-03T20:51:39.700734,"r, 16.44m,0000000024Hz,0000019057c,0000000.041s, 025.1C"
2026-03-03T20:51:44.701365,"r, 16.44m,0000000024Hz,0000019037c,0000000.041s, 025.1C"
2026-03-03T20:51:49.701979,"r, 16.44m,0000000024Hz,0000019044c,0000000.041s, 025.1C"
2026-03-03T20:51:54.702701,"r, 16.44m,0000000024Hz,0000019023c,0000000.041s, 025.1C"
2026-03-03T20:51:59.703703,"r, 16.44m,0000000024Hz,0000019042c,0000000.041s, 025.1C"
2026-03-03T20:52:04.704397,"r, 16.44m,0000000024Hz,0000019050c,0000000.041s, 025.1C"
2026-03-03T20:52:09.705129,"r, 16.44m,0000000025Hz,0000019038c,0000000.041s, 025.1C"
2026-03-03T20:52:14.705787,"r, 16.44m,0000000024Hz,0000019030c,0000000.041s, 025.1C"
2026-03-03T20:52:19.706487,"r, 16.44m,0000000024Hz,0000019012c,0000000.041s, 025.1C"
2026-03-03T20:52:24.707129,"r, 16.44m,0000000024Hz,0000018955c,0000000.041s, 025.1C"
2026-03-03T20:52:29.707733,"r, 16.44m,0000000024Hz,0000018981c,0000000.041s, 025.1C"
2026-03-03T20:52:34.708517,"r, 16.44m,0000000024Hz,0000018975c,0000000.041s, 025.1C"
2026-03-03T20:52:39.709253,"r, 16.44m,0000000024Hz,0000019009c,0000000.041s, 025.1C"
2026-03-03T20:52:44.709985,"r, 16.44m,0000000024Hz,0000018958c,0000000.041s, 025.1C"
2026-03-03T20:52:49.710718,"r, 16.44m,0000000024Hz,0000018950c,0000000.041s, 025.1C"
2026-03-03T20:52:54.711369,"r, 16.44m,0000000024Hz,0000018935c,0000000.041s, 025.1C"
2026-03-03T20:52:59.712039,"r, 16.44m,0000000025Hz,0000018931c,0000000.041s, 025.1C"
2026-03-03T20:53:04.712748,"r, 16.44m,0000000024Hz,0000018927c,0000000.041s, 025.1C"
2026-03-03T20:53:09.713468,"r, 16.44m,0000000024Hz,0000018907c,0000000.041s, 025.1C"
2026-03-03T20:53:14.714208,"r, 16.44m,0000000024Hz,0000018901c,0000000.041s, 025.1C"
2026-03-03T20:53:19.714913,"r, 16.44m,0000000024Hz,0000018895c,0000000.041s, 025.1C"
2026-03-03T20:53:24.715532,"r, 16.44m,0000000024Hz,0000018879c,0000000.041s, 025.1C"
2026-03-03T20:53:29.716197,"r, 16.44m,0000000024Hz,0000018868c,0000000.041s, 025.1C"
2026-03-03T20:53:34.716853,"r, 16.44m,0000000024Hz,0000018864c,0000000.041s, 025.1C"
2026-03-03T20:53:39.717473,"r, 16.44m,0000000025Hz,0000018854c,0000000.041s, 025.1C"
2026-03-03T20:53:44.718113,"r, 16.44m,0000000024Hz,0000018831c,0000000.041s, 025.1C"
2026-03-03T20:53:49.718805,"r, 16.44m,0000000024Hz,0000018848c,0000000.041s, 025.1C"
2026-03-03T20:53:54.719535,"r, 16.44m,0000000024Hz,0000018878c,0000000.041s, 025.1C"
2026-03-03T20:53:59.720170,"r, 16.47m,0000000024Hz,0000019422c,0000000.042s, 025.1C"
2026-03-03T20:54:04.720854,"r, 16.44m,0000000024Hz,0000018952c,0000000.041s, 025.1C"
2026-03-03T20:54:09.721515,"r, 16.44m,0000000025Hz,0000018869c,0000000.041s, 025.1C"
2026-03-03T20:54:14.722207,"r, 16.44m,0000000024Hz,0000018855c,0000000.041s, 025.1C"
2026-03-03T20:54:19.722870,"r, 16.44m,0000000024Hz,0000018838c,0000000.041s, 025.1C"
2026-03-03T20:54:24.723555,"r, 16.44m,0000000025Hz,0000018836c,0000000.041s, 025.1C"
2026-03-03T20:54:29.724165,"r, 16.43m,0000000025Hz,0000018808c,0000000.041s, 025.1C"
2026-03-03T20:54:34.724776,"r, 16.44m,0000000024Hz,0000018822c,0000000.041s, 025.1C"
2026-03-03T20:54:39.725396,"r, 16.43m,0000000024Hz,0000018809c,0000000.041s, 025.1C"
2026-03-03T20:54:44.726099,"r, 16.43m,0000000024Hz,0000018749c,0000000.041s, 025.1C"
2026-03-03T20:54:49.726862,"r, 16.43m,0000000025Hz,0000018786c,0000000.041s, 025.1C"
2026-03-03T20:54:54.727527,"r, 16.43m,0000000025Hz,0000018776c,0000000.041s, 025.1C"
2026-03-03T20:54:59.728150,"r, 16.43m,0000000025Hz,0000018767c,0000000.041s, 025.1C"
2026-03-03T20:55:04.728753,"r, 16.43m,0000000024Hz,0000018737c,0000000.041s, 025.1C"
2026-03-03T20:55:09.729385,"r, 16.43m,0000000025Hz,0000018730c,0000000.041s, 025.1C"
2026-03-03T20:55:14.730120,"r, 16.43m,0000000024Hz,0000018701c,0000000.041s, 025.1C"
2026-03-03T20:55:19.731087,"r, 16.43m,0000000025Hz,0000018699c,0000000.041s, 025.1C"
2026-03-03T20:55:24.731701,"r, 16.43m,0000000025Hz,0000018701c,0000000.041s, 025.1C"
2026-03-03T20:55:29.732269,"r, 16.42m,0000000024Hz,0000018682c,0000000.041s, 025.1C"
2026-03-03T20:55:34.733000,"r, 16.42m,0000000024Hz,0000018507c,0000000.040s, 025.1C"
2026-03-03T20:55:39.733742,"r, 16.42m,0000000025Hz,0000018656c,0000000.040s, 025.1C"
2026-03-03T20:55:44.734442,"r, 16.42m,0000000024Hz,0000018622c,0000000.040s, 025.1C"
2026-03-03T20:55:49.735041,"r, 16.42m,0000000025Hz,0000018617c,0000000.040s, 025.1C"
2026-03-03T20:55:54.735694,"r, 16.42m,0000000025Hz,0000018595c,0000000.040s, 025.1C"
2026-03-03T20:55:59.736289,"r, 16.42m,0000000025Hz,0000018630c,0000000.040s, 025.1C"
2026-03-03T20:56:04.736920,"r, 16.42m,0000000025Hz,0000018589c,0000000.040s, 025.1C"
2026-03-03T20:56:09.737598,"r, 16.42m,0000000025Hz,0000018462c,0000000.040s, 025.1C"
2026-03-03T20:56:14.738258,"r, 16.42m,0000000024Hz,0000018581c,0000000.040s, 025.1C"
2026-03-03T20:56:19.738892,"r, 16.43m,0000000025Hz,0000018713c,0000000.041s, 025.1C"
2026-03-03T20:56:24.739566,"r, 16.42m,0000000025Hz,0000018538c,0000000.040s, 025.1C"
2026-03-03T20:56:29.740266,"r, 16.42m,0000000025Hz,0000018502c,0000000.040s, 025.1C"
2026-03-03T20:56:34.741000,"r, 16.42m,0000000025Hz,0000018500c,0000000.040s, 025.1C"
2026-03-03T20:56:39.741702,"r, 16.42m,0000000025Hz,0000018485c,0000000.040s, 025.1C"
2026-03-03T20:56:44.742571,"r, 16.42m,0000000025Hz,0000018478c,0000000.040s, 025.1C"
2026-03-03T20:56:49.743158,"r, 16.42m,0000000025Hz,0000018477c,0000000.040s, 025.1C"
2026-03-03T20:56:54.743888,"r, 16.42m,0000000025Hz,0000018445c,0000000.040s, 025.1C"
2026-03-03T20:56:59.744559,"r, 16.42m,0000000025Hz,0000018462c,0000000.040s, 025.1C"
2026-03-03T20:57:04.745214,"r, 16.42m,0000000024Hz,0000018446c,0000000.040s, 025.1C"
2026-03-03T20:57:09.746109,"r, 16.42m,0000000025Hz,0000018435c,0000000.040s, 025.1C"
2026-03-03T20:57:14.746775,"r, 16.41m,0000000025Hz,0000018423c,0000000.040s, 025.1C"
2026-03-03T20:57:19.747438,"r, 16.41m,0000000025Hz,0000018415c,0000000.040s, 025.1C"
2026-03-03T20:57:24.748107,"r, 16.41m,0000000025Hz,0000018431c,0000000.040s, 025.1C"
2026-03-03T20:57:29.748773,"r, 16.42m,0000000025Hz,0000018583c,0000000.040s, 025.1C"
2026-03-03T20:57:34.749416,"r, 16.41m,0000000025Hz,0000018414c,0000000.040s, 025.1C"
2026-03-03T20:57:39.750056,"r, 16.41m,0000000025Hz,0000018392c,0000000.040s, 025.1C"
2026-03-03T20:57:44.750677,"r, 16.41m,0000000025Hz,0000018391c,0000000.040s, 025.1C"
2026-03-03T20:57:49.751271,"r, 16.41m,0000000026Hz,0000018353c,0000000.040s, 025.1C"
2026-03-03T20:57:54.751901,"r, 16.41m,0000000025Hz,0000018359c,0000000.040s, 025.1C"
2026-03-03T20:57:59.752531,"r, 16.41m,0000000025Hz,0000018352c,0000000.040s, 025.1C"
2026-03-03T20:58:04.753282,"r, 16.41m,0000000025Hz,0000018327c,0000000.040s, 025.1C"
2026-03-03T20:58:09.754052,"r, 16.41m,0000000025Hz,0000018314c,0000000.040s, 025.1C"
2026-03-03T20:58:14.754766,"r, 16.41m,0000000025Hz,0000018313c,0000000.040s, 025.1C"
2026-03-03T20:58:19.755438,"r, 16.40m,0000000025Hz,0000018278c,0000000.040s, 025.1C"
2026-03-03T20:58:24.756027,"r, 16.40m,0000000025Hz,0000018267c,0000000.040s, 025.1C"
2026-03-03T20:58:29.756718,"r, 16.40m,0000000025Hz,0000018255c,0000000.040s, 025.1C"
2026-03-03T20:58:34.757385,"r, 16.40m,0000000025Hz,0000018226c,0000000.040s, 025.1C"
2026-03-03T20:58:39.758077,"r, 16.40m,0000000025Hz,0000018206c,0000000.040s, 025.1C"
2026-03-03T20:58:44.758668,"r, 16.40m,0000000025Hz,0000018191c,0000000.039s, 025.1C"
2026-03-03T20:58:49.759274,"r, 16.39m,0000000025Hz,0000018169c,0000000.039s, 025.1C"
2026-03-03T20:58:54.759905,"r, 16.39m,0000000025Hz,0000018154c,0000000.039s, 025.1C"
2026-03-03T20:58:59.760632,"r, 16.39m,0000000026Hz,0000018151c,0000000.039s, 025.1C"
2026-03-03T20:59:04.761351,"r, 16.39m,0000000025Hz,0000018137c,0000000.039s, 025.1C"
2026-03-03T20:59:09.762034,"r, 16.39m,0000000025Hz,0000018132c,0000000.039s, 025.1C"
2026-03-03T20:59:14.762741,"r, 16.39m,0000000025Hz,0000018114c,0000000.039s, 025.1C"
2026-03-03T20:59:19.763462,"r, 16.39m,0000000025Hz,0000018121c,0000000.039s, 025.1C"
2026-03-03T20:59:24.764138,"r, 16.39m,0000000026Hz,0000018111c,0000000.039s, 025.1C"
2026-03-03T20:59:29.764875,"r, 16.39m,0000000025Hz,0000018097c,0000000.039s, 025.1C"
2026-03-03T20:59:34.765603,"r, 16.39m,0000000025Hz,0000018094c,0000000.039s, 025.1C"
2026-03-03T20:59:39.766176,"r, 16.39m,0000000025Hz,0000018083c,0000000.039s, 025.1C"
2026-03-03T20:59:44.766830,"r, 16.39m,0000000025Hz,0000018077c,0000000.039s, 025.1C"
2026-03-03T20:59:49.767531,"r, 16.39m,0000000025Hz,0000018079c,0000000.039s, 025.1C"
2026-03-03T20:59:54.768127,"r, 16.37m,0000000025Hz,0000017893c,0000000.039s, 025.1C"
2026-03-03T20:59:59.768859,"r, 16.39m,0000000025Hz,0000018073c,0000000.039s, 025.1C"
2026-03-03T21:00:04.769531,"r, 16.39m,0000000025Hz,0000018065c,0000000.039s, 025.1C"
2026-03-03T21:00:09.770248,"r, 16.39m,0000000025Hz,0000018053c,0000000.039s, 025.1C"
2026-03-03T21:00:14.770900,"r, 16.37m,0000000026Hz,0000017899c,0000000.039s, 025.1C"
2026-03-03T21:00:19.771565,"r, 16.38m,0000000025Hz,0000018014c,0000000.039s, 025.1C"
2026-03-03T21:00:24.772324,"r, 16.38m,0000000026Hz,0000017995c,0000000.039s, 025.1C"
2026-03-03T21:00:29.772961,"r, 16.38m,0000000026Hz,0000017988c,0000000.039s, 025.1C"
2026-03-03T21:00:34.773650,"r, 16.38m,0000000026Hz,0000017987c,0000000.039s, 025.1C"
2026-03-03T21:00:39.774265,"r, 16.38m,0000000026Hz,0000017980c,0000000.039s, 025.1C"
2026-03-03T21:00:44.774893,"r, 16.38m,0000000026Hz,0000017955c,0000000.039s, 025.1C"
2026-03-03T21:00:49.775605,"r, 16.38m,0000000026Hz,0000017954c,0000000.039s, 025.1C"
2026-03-03T21:00:54.776226,"r, 16.38m,0000000025Hz,0000017935c,0000000.039s, 025.1C"
2026-03-03T21:00:59.776997,"r, 16.38m,0000000026Hz,0000017922c,0000000.039s, 025.1C"
2026-03-03T21:01:04.777666,"r, 16.37m,0000000026Hz,0000017917c,0000000.039s, 025.1C"
2026-03-03T21:01:09.778277,"r, 16.35m,0000000026Hz,0000017452c,0000000.038s, 025.1C"
2026-03-03T21:01:14.779004,"r, 16.37m,0000000026Hz,0000017903c,0000000.039s, 025.1C"
2026-03-03T21:01:19.779678,"r, 16.37m,0000000026Hz,0000017754c,0000000.039s, 025.1C"
2026-03-03T21:01:24.780406,"r, 16.37m,0000000025Hz,0000017910c,0000000.039s, 025.1C"
2026-03-03T21:01:29.781091,"r, 16.37m,0000000025Hz,0000017888c,0000000.039s, 025.1C"
2026-03-03T21:01:34.781825,"r, 16.37m,0000000026Hz,0000017878c,0000000.039s, 025.1C"
2026-03-03T21:01:39.782509,"r, 16.37m,0000000026Hz,0000017881c,0000000.039s, 025.1C"
2026-03-03T21:01:44.783144,"r, 16.37m,0000000026Hz,0000017871c,0000000.039s, 025.1C"
2026-03-03T21:01:49.783870,"r, 16.37m,0000000026Hz,0000017781c,0000000.039s, 025.1C"
2026-03-03T21:01:54.784568,"r, 16.37m,0000000026Hz,0000017919c,0000000.039s, 025.1C"
2026-03-03T21:01:59.785405,"r, 16.37m,0000000026Hz,0000017890c,0000000.039s, 025.1C"
2026-03-03T21:02:04.786081,"r, 16.37m,0000000026Hz,0000017894c,0000000.039s, 025.1C"
2026-03-03T21:02:09.786760,"r, 16.37m,0000000026Hz,0000017903c,0000000.039s, 025.1C"
2026-03-03T21:02:14.787526,"r, 16.38m,0000000026Hz,0000017932c,0000000.039s, 025.1C"
2026-03-03T21:02:19.788188,"r, 16.37m,0000000026Hz,0000017907c,0000000.039s, 025.1C"
2026-03-03T21:02:24.788931,"r, 16.37m,0000000026Hz,0000017900c,0000000.039s, 025.1C"
2026-03-03T21:02:29.789572,"r, 16.37m,0000000026Hz,0000017890c,0000000.039s, 025.1C"
2026-03-03T21:02:34.790263,"r, 16.38m,0000000025Hz,0000018016c,0000000.039s, 025.1C"
2026-03-03T21:02:39.790960,"r, 16.37m,0000000026Hz,0000017872c,0000000.039s, 025.1C"
