2026-03-03T17,29,26.875115,"r, 06.28m,0000285255Hz,0000000000c,0000000.000s, 026.7C"
2026-03-03T17,29,36.875874,"r, 06.25m,0000292988Hz,0000000000c,0000000.000s, 026.7C"
2026-03-03T17,29,46.876838,"r, 06.22m,0000299460Hz,0000000000c,0000000.000s, 026.7C"
2026-03-03T17,29,56.877606,"r, 06.21m,0000303602Hz,0000000000c,0000000.000s, 027.0C"
2026-03-03T17,30,6.878261,"r, 06.69m,0000195276Hz,0000000000c,0000000.000s, 027.0C"
2026-03-03T17,30,16.878936,"r, 06.22m,0000301639Hz,0000000000c,0000000.000s, 027.0C"
2026-03-03T17,30,26.879662,"r, 06.25m,0000293180Hz,0000000000c,0000000.000s, 027.0C"
2026-03-03T17,30,36.880418,"r, 06.40m,0000254631Hz,0000000000c,0000000.000s, 027.0C"
2026-03-03T17,30,46.881058,"r, 12.27m,0000001151Hz,0000000000c,0000000.000s, 027.0C"
2026-03-03T17,30,56.881822,"r, 13.19m,0000000491Hz,0000000000c,0000000.000s, 027.0C"
2026-03-03T17,31,6.882547,"r, 12.86m,0000000664Hz,0000000000c,0000000.000s, 027.0C"
2026-03-03T17,31,16.88328,"r, 13.19m,0000000488Hz,0000000000c,0000000.000s, 027.0C"
2026-03-03T17,31,26.884016,"r, 13.20m,0000000487Hz,0000000000c,0000000.000s, 027.0C"
2026-03-03T17,31,36.884676,"r, 13.03m,0000000569Hz,0000000000c,0000000.000s, 027.0C"
2026-03-03T17,31,46.885401,"r, 12.98m,0000000598Hz,0000000000c,0000000.000s, 027.0C"
2026-03-03T17,31,56.886106,"r, 13.01m,0000000579Hz,0000000000c,0000000.000s, 027.3C"
2026-03-03T17,32,6.88705,"r, 12.61m,0000000832Hz,0000000000c,0000000.000s, 027.3C"
2026-03-03T17,32,16.887804,"r, 13.10m,0000000533Hz,0000000000c,0000000.000s, 027.0C"
2026-03-03T17,32,26.888572,"r, 13.13m,0000000516Hz,0000000000c,0000000.000s, 027.3C"
2026-03-03T17,32,36.88919,"r, 13.08m,0000000541Hz,0000000000c,0000000.000s, 027.3C"
2026-03-03T17,32,46.889849,"r, 12.99m,0000000589Hz,0000000000c,0000000.000s, 027.3C"
2026-03-03T17,32,56.890514,"r, 12.99m,0000000591Hz,0000000000c,0000000.000s, 027.3C"
2026-03-03T17,33,6.891206,"r, 12.71m,0000000761Hz,0000000000c,0000000.000s, 027.3C"
2026-03-03T17,33,16.891887,"r, 12.70m,0000000765Hz,0000000000c,0000000.000s, 027.3C"
2026-03-03T17,33,26.892594,"r, 12.52m,0000000905Hz,0000000000c,0000000.000s, 027.3C"
2026-03-03T17,33,36.893274,"r, 12.71m,0000000762Hz,0000000000c,0000000.000s, 027.3C"
2026-03-03T17,33,46.893981,"r, 12.65m,0000000806Hz,0000000000c,0000000.000s, 027.3C"
2026-03-03T17,33,56.894741,"r, 12.59m,0000000853Hz,0000000000c,0000000.000s, 027.3C"
2026-03-03T17,34,6.895394,"r, 12.57m,0000000868Hz,0000000000c,0000000.000s, 027.3C"
2026-03-03T17,34,16.896029,"r, 12.91m,0000000633Hz,0000000000c,0000000.000s, 027.3C"
2026-03-03T17,34,26.896771,"r, 14.61m,0000000133Hz,0000000000c,0000000.000s, 027.3C"
2026-03-03T17,34,36.897465,"r, 13.50m,0000000366Hz,0000000000c,0000000.000s, 027.3C"
2026-03-03T17,34,46.89816,"r, 13.40m,0000000405Hz,0000000000c,0000000.000s, 027.3C"
2026-03-03T17,34,56.898821,"r, 13.10m,0000000533Hz,0000000000c,0000000.000s, 027.3C"
2026-03-03T17,35,6.899531,"r, 12.92m,0000000629Hz,0000000000c,0000000.000s, 027.7C"
2026-03-03T17,35,16.900104,"r, 12.85m,0000000668Hz,0000000000c,0000000.000s, 027.7C"
2026-03-03T17,35,26.900595,"r, 12.97m,0000000603Hz,0000000000c,0000000.000s, 027.7C"
2026-03-03T17,35,36.901074,"r, 12.98m,0000000597Hz,0000000000c,0000000.000s, 027.7C"
2026-03-03T17,35,46.901593,"r, 12.62m,0000000826Hz,0000000000c,0000000.000s, 027.7C"
2026-03-03T17,35,56.902063,"r, 12.23m,0000001187Hz,0000000000c,0000000.000s, 027.7C"
2026-03-03T17,36,6.902562,"r, 12.22m,0000001195Hz,0000000000c,0000000.000s, 027.7C"
2026-03-03T17,36,16.903037,"r, 12.21m,0000001213Hz,0000000000c,0000000.000s, 027.7C"
2026-03-03T17,36,26.903555,"r, 12.19m,0000001236Hz,0000000000c,0000000.000s, 027.7C"
2026-03-03T17,36,36.904028,"r, 12.16m,0000001264Hz,0000000000c,0000000.000s, 027.7C"
2026-03-03T17,36,46.904464,"r, 12.15m,0000001274Hz,0000000000c,0000000.000s, 027.7C"
2026-03-03T17,36,56.904938,"r, 12.12m,0000001315Hz,0000000000c,0000000.000s, 027.7C"
2026-03-03T17,37,6.90542,"r, 12.11m,0000001324Hz,0000000000c,0000000.000s, 027.7C"
2026-03-03T17,37,16.905839,"r, 12.10m,0000001342Hz,0000000000c,0000000.000s, 027.7C"
2026-03-03T17,37,26.906399,"r, 12.09m,0000001356Hz,0000000000c,0000000.000s, 027.7C"
2026-03-03T17,37,36.906818,"r, 12.09m,0000001349Hz,0000000000c,0000000.000s, 027.7C"
2026-03-03T17,37,46.907258,"r, 12.07m,0000001382Hz,0000000000c,0000000.000s, 027.7C"
2026-03-03T17,37,56.907743,"r, 12.06m,0000001385Hz,0000000000c,0000000.000s, 027.7C"
2026-03-03T17,38,6.908206,"r, 12.04m,0000001408Hz,0000000000c,0000000.000s, 028.0C"
2026-03-03T17,38,16.908628,"r, 12.02m,0000001436Hz,0000000000c,0000000.000s, 027.7C"
2026-03-03T17,38,26.909038,"r, 12.02m,0000001444Hz,0000000000c,0000000.000s, 027.7C"
2026-03-03T17,38,36.909556,"r, 12.00m,0000001463Hz,0000000000c,0000000.000s, 028.0C"
2026-03-03T17,38,46.910095,"r, 11.99m,0000001483Hz,0000000000c,0000000.000s, 028.0C"
2026-03-03T17,38,56.910588,"r, 11.99m,0000001479Hz,0000000000c,0000000.000s, 028.0C"
2026-03-03T17,39,6.911104,"r, 11.96m,0000001512Hz,0000000000c,0000000.000s, 027.7C"
2026-03-03T17,39,16.911596,"r, 11.96m,0000001523Hz,0000000000c,0000000.000s, 028.0C"
2026-03-03T17,39,26.91201,"r, 11.95m,0000001531Hz,0000000000c,0000000.000s, 028.0C"
2026-03-03T17,39,36.912435,"r, 11.94m,0000001549Hz,0000000000c,0000000.000s, 027.7C"
2026-03-03T17,39,46.912875,"r, 11.94m,0000001552Hz,0000000000c,0000000.000s, 028.0C"
2026-03-03T17,39,56.913361,"r, 11.94m,0000001558Hz,0000000000c,0000000.000s, 028.0C"
2026-03-03T17,40,6.913852,"r, 11.94m,0000001540Hz,0000000000c,0000000.000s, 027.7C"
2026-03-03T17,40,16.914353,"r, 11.94m,0000001536Hz,0000000000c,0000000.000s, 028.0C"
2026-03-03T17,40,26.914729,"r, 11.96m,0000001520Hz,0000000000c,0000000.000s, 028.0C"
2026-03-03T17,40,36.915165,"r, 11.97m,0000001503Hz,0000000000c,0000000.000s, 028.0C"
2026-03-03T17,40,46.915611,"r, 11.97m,0000001499Hz,0000000000c,0000000.000s, 028.0C"
2026-03-03T17,40,56.916023,"r, 11.99m,0000001481Hz,0000000000c,0000000.000s, 028.0C"
2026-03-03T17,41,6.916469,"r, 11.99m,0000001476Hz,0000000000c,0000000.000s, 028.0C"
2026-03-03T17,41,16.916875,"r, 12.00m,0000001457Hz,0000000000c,0000000.000s, 027.7C"
2026-03-03T17,41,26.917317,"r, 12.00m,0000001466Hz,0000000000c,0000000.000s, 028.0C"
2026-03-03T17,41,36.917823,"r, 12.01m,0000001448Hz,0000000000c,0000000.000s, 028.0C"
2026-03-03T17,41,46.918256,"r, 12.03m,0000001426Hz,0000000000c,0000000.000s, 028.0C"
2026-03-03T17,41,56.918756,"r, 12.03m,0000001430Hz,0000000000c,0000000.000s, 028.0C"
2026-03-03T17,42,6.919186,"r, 12.05m,0000001402Hz,0000000000c,0000000.000s, 028.0C"
2026-03-03T17,42,16.919656,"r, 12.04m,0000001414Hz,0000000000c,0000000.000s, 028.0C"
2026-03-03T17,42,26.920137,"r, 12.05m,0000001392Hz,0000000000c,0000000.000s, 028.0C"
2026-03-03T17,42,36.920574,"r, 12.08m,0000001367Hz,0000000000c,0000000.000s, 028.0C"
2026-03-03T17,42,46.921074,"r, 12.07m,0000001371Hz,0000000000c,0000000.000s, 028.0C"
2026-03-03T17,42,56.921595,"r, 12.02m,0000001434Hz,0000000000c,0000000.000s, 028.0C"
2026-03-03T17,43,6.922041,"r, 12.14m,0000001288Hz,0000000000c,0000000.000s, 028.0C"
2026-03-03T17,43,16.922481,"r, 12.14m,0000001286Hz,0000000000c,0000000.000s, 028.0C"
2026-03-03T17,43,26.922899,"r, 12.05m,0000001401Hz,0000000000c,0000000.000s, 028.0C"
2026-03-03T17,43,36.923337,"r, 12.05m,0000001392Hz,0000000000c,0000000.000s, 028.0C"
2026-03-03T17,43,46.923792,"r, 12.18m,0000001242Hz,0000000000c,0000000.000s, 028.0C"
2026-03-03T17,43,56.924238,"r, 11.94m,0000001543Hz,0000000000c,0000000.000s, 028.0C"
2026-03-03T17,44,6.924689,"r, 11.93m,0000001566Hz,0000000000c,0000000.000s, 028.0C"
2026-03-03T17,44,16.925186,"r, 11.84m,0000001691Hz,0000000000c,0000000.000s, 028.0C"
2026-03-03T17,44,26.925726,"r, 11.91m,0000001596Hz,0000000000c,0000000.000s, 028.0C"
2026-03-03T17,44,36.926204,"r, 11.88m,0000001637Hz,0000000000c,0000000.000s, 028.0C"
2026-03-03T17,44,46.926639,"r, 11.83m,0000001719Hz,0000000000c,0000000.000s, 028.0C"
2026-03-03T17,44,56.927084,"r, 11.82m,0000001741Hz,0000000000c,0000000.000s, 028.0C"
2026-03-03T17,45,6.927587,"r, 11.81m,0000001744Hz,0000000000c,0000000.000s, 028.0C"
2026-03-03T17,45,16.927991,"r, 11.79m,0000001779Hz,0000000000c,0000000.000s, 028.0C"
2026-03-03T17,45,26.928498,"r, 11.79m,0000001781Hz,0000000000c,0000000.000s, 028.0C"
2026-03-03T17,45,36.928932,"r, 11.77m,0000001808Hz,0000000000c,0000000.000s, 028.0C"
2026-03-03T17,45,46.929365,"r, 11.77m,0000001821Hz,0000000000c,0000000.000s, 028.0C"
2026-03-03T17,45,56.929782,"r, 11.76m,0000001825Hz,0000000000c,0000000.000s, 028.0C"
2026-03-03T17,46,6.930265,"r, 11.77m,0000001804Hz,0000000000c,0000000.000s, 028.0C"
2026-03-03T17,46,16.930754,"r, 11.77m,0000001817Hz,0000000000c,0000000.000s, 028.0C"
2026-03-03T17,46,26.931202,"r, 11.77m,0000001803Hz,0000000000c,0000000.000s, 028.0C"
2026-03-03T17,46,36.931722,"r, 11.75m,0000001839Hz,0000000000c,0000000.000s, 028.0C"
2026-03-03T17,46,46.932155,"r, 11.75m,0000001846Hz,0000000000c,0000000.000s, 028.0C"
2026-03-03T17,46,56.932594,"r, 11.76m,0000001830Hz,0000000000c,0000000.000s, 028.0C"
2026-03-03T17,47,6.933069,"r, 11.77m,0000001815Hz,0000000000c,0000000.000s, 028.0C"
2026-03-03T17,47,16.933571,"r, 11.76m,0000001825Hz,0000000000c,0000000.000s, 028.0C"
2026-03-03T17,47,26.933986,"r, 11.75m,0000001836Hz,0000000000c,0000000.000s, 028.0C"
2026-03-03T17,47,36.934391,"r, 11.76m,0000001831Hz,0000000000c,0000000.000s, 028.0C"
2026-03-03T17,47,46.934907,"r, 11.75m,0000001834Hz,0000000000c,0000000.000s, 028.0C"
2026-03-03T17,47,56.935346,"r, 11.77m,0000001822Hz,0000000000c,0000000.000s, 028.0C"
2026-03-03T17,48,6.935827,"r, 11.77m,0000001820Hz,0000000000c,0000000.000s, 028.0C"
2026-03-03T17,48,16.936315,"r, 11.78m,0000001797Hz,0000000000c,0000000.000s, 028.0C"
2026-03-03T17,48,26.936779,"r, 11.78m,0000001784Hz,0000000000c,0000000.000s, 028.0C"
2026-03-03T17,48,36.937278,"r, 11.78m,0000001788Hz,0000000000c,0000000.000s, 027.7C"
2026-03-03T17,48,46.937792,"r, 11.79m,0000001772Hz,0000000000c,0000000.000s, 028.0C"
2026-03-03T17,48,56.938255,"r, 11.79m,0000001770Hz,0000000000c,0000000.000s, 028.0C"
2026-03-03T17,49,6.938744,"r, 11.80m,0000001756Hz,0000000000c,0000000.000s, 028.0C"
2026-03-03T17,49,16.939235,"r, 11.80m,0000001762Hz,0000000000c,0000000.000s, 027.7C"
2026-03-03T17,49,26.939667,"r, 11.82m,0000001729Hz,0000000000c,0000000.000s, 027.7C"
2026-03-03T17,49,36.940167,"r, 11.81m,0000001748Hz,0000000000c,0000000.000s, 027.7C"
2026-03-03T17,49,46.940646,"r, 11.82m,0000001724Hz,0000000000c,0000000.000s, 027.7C"
2026-03-03T17,49,56.941167,"r, 11.82m,0000001729Hz,0000000000c,0000000.000s, 027.7C"
2026-03-03T17,50,6.941608,"r, 11.84m,0000001703Hz,0000000000c,0000000.000s, 027.7C"
2026-03-03T17,50,16.942078,"r, 11.84m,0000001700Hz,0000000000c,0000000.000s, 027.7C"
2026-03-03T17,50,26.942595,"r, 11.86m,0000001679Hz,0000000000c,0000000.000s, 027.7C"
2026-03-03T17,50,36.943078,"r, 11.85m,0000001680Hz,0000000000c,0000000.000s, 027.7C"
2026-03-03T17,50,46.943576,"r, 11.85m,0000001684Hz,0000000000c,0000000.000s, 027.7C"
2026-03-03T17,50,56.944076,"r, 11.88m,0000001643Hz,0000000000c,0000000.000s, 027.7C"
2026-03-03T17,51,6.944585,"r, 11.89m,0000001628Hz,0000000000c,0000000.000s, 027.7C"
2026-03-03T17,51,16.944996,"r, 11.89m,0000001626Hz,0000000000c,0000000.000s, 027.7C"
2026-03-03T17,51,26.945429,"r, 11.90m,0000001613Hz,0000000000c,0000000.000s, 027.7C"
2026-03-03T17,51,36.94587,"r, 11.90m,0000001603Hz,0000000000c,0000000.000s, 027.7C"
2026-03-03T17,51,46.946353,"r, 11.91m,0000001589Hz,0000000000c,0000000.000s, 027.7C"
2026-03-03T17,51,56.946797,"r, 11.92m,0000001568Hz,0000000000c,0000000.000s, 027.7C"
2026-03-03T17,52,6.947277,"r, 11.92m,0000001572Hz,0000000000c,0000000.000s, 027.7C"
2026-03-03T17,52,16.947799,"r, 11.93m,0000001566Hz,0000000000c,0000000.000s, 027.7C"
2026-03-03T17,52,26.948285,"r, 11.94m,0000001543Hz,0000000000c,0000000.000s, 027.7C"
2026-03-03T17,52,36.948788,"r, 11.96m,0000001525Hz,0000000000c,0000000.000s, 027.7C"
2026-03-03T17,52,46.949287,"r, 11.94m,0000001551Hz,0000000000c,0000000.000s, 027.7C"
2026-03-03T17,52,56.949807,"r, 11.94m,0000001541Hz,0000000000c,0000000.000s, 027.7C"
2026-03-03T17,53,6.950263,"r, 11.96m,0000001520Hz,0000000000c,0000000.000s, 027.7C"
2026-03-03T17,53,16.950773,"r, 11.97m,0000001507Hz,0000000000c,0000000.000s, 027.7C"
2026-03-03T17,53,26.951252,"r, 11.98m,0000001488Hz,0000000000c,0000000.000s, 027.7C"
2026-03-03T17,53,36.951703,"r, 12.00m,0000001466Hz,0000000000c,0000000.000s, 027.7C"
2026-03-03T17,53,46.952114,"r, 12.02m,0000001447Hz,0000000000c,0000000.000s, 027.7C"
2026-03-03T17,53,56.952616,"r, 12.02m,0000001437Hz,0000000000c,0000000.000s, 027.7C"
2026-03-03T17,54,6.953035,"r, 12.04m,0000001410Hz,0000000000c,0000000.000s, 027.7C"
2026-03-03T17,54,16.95354,"r, 12.05m,0000001399Hz,0000000000c,0000000.000s, 027.7C"
2026-03-03T17,54,26.954005,"r, 12.05m,0000001392Hz,0000000000c,0000000.000s, 027.7C"
2026-03-03T17,54,36.954454,"r, 12.07m,0000001375Hz,0000000000c,0000000.000s, 027.7C"
2026-03-03T17,54,46.954972,"r, 12.07m,0000001369Hz,0000000000c,0000000.000s, 027.7C"
2026-03-03T17,54,56.955499,"r, 12.09m,0000001354Hz,0000000000c,0000000.000s, 027.7C"
2026-03-03T17,55,6.955989,"r, 12.09m,0000001346Hz,0000000000c,0000000.000s, 027.7C"
2026-03-03T17,55,16.956496,"r, 12.10m,0000001337Hz,0000000000c,0000000.000s, 027.7C"
2026-03-03T17,55,26.956922,"r, 12.10m,0000001342Hz,0000000000c,0000000.000s, 027.7C"
2026-03-03T17,55,36.957438,"r, 12.11m,0000001333Hz,0000000000c,0000000.000s, 027.7C"
2026-03-03T17,55,46.957908,"r, 12.11m,0000001321Hz,0000000000c,0000000.000s, 027.7C"
2026-03-03T17,55,56.958346,"r, 12.13m,0000001299Hz,0000000000c,0000000.000s, 027.7C"
2026-03-03T17,56,6.958788,"r, 12.14m,0000001286Hz,0000000000c,0000000.000s, 027.7C"
2026-03-03T17,56,16.959282,"r, 12.17m,0000001251Hz,0000000000c,0000000.000s, 027.7C"
2026-03-03T17,56,26.95976,"r, 12.19m,0000001229Hz,0000000000c,0000000.000s, 027.7C"
2026-03-03T17,56,36.960248,"r, 12.19m,0000001227Hz,0000000000c,0000000.000s, 027.7C"
2026-03-03T17,56,46.960717,"r, 12.21m,0000001209Hz,0000000000c,0000000.000s, 027.7C"
2026-03-03T17,56,56.961129,"r, 12.23m,0000001189Hz,0000000000c,0000000.000s, 027.7C"
2026-03-03T17,57,6.961562,"r, 12.25m,0000001165Hz,0000000000c,0000000.000s, 027.7C"
2026-03-03T17,57,16.961967,"r, 12.26m,0000001159Hz,0000000000c,0000000.000s, 027.7C"
2026-03-03T17,57,26.962464,"r, 12.28m,0000001139Hz,0000000000c,0000000.000s, 027.7C"
2026-03-03T17,57,36.962897,"r, 12.28m,0000001129Hz,0000000000c,0000000.000s, 027.7C"
2026-03-03T17,57,46.963394,"r, 12.31m,0000001110Hz,0000000000c,0000000.000s, 027.7C"
2026-03-03T17,57,56.963901,"r, 12.33m,0000001087Hz,0000000000c,0000000.000s, 027.7C"
2026-03-03T17,58,6.964402,"r, 12.34m,0000001072Hz,0000000000c,0000000.000s, 027.7C"
2026-03-03T17,58,16.964856,"r, 12.35m,0000001057Hz,0000000000c,0000000.000s, 027.7C"
2026-03-03T17,58,26.965351,"r, 12.36m,0000001049Hz,0000000000c,0000000.000s, 027.7C"
2026-03-03T17,58,36.965854,"r, 12.38m,0000001036Hz,0000000000c,0000000.000s, 027.7C"
2026-03-03T17,58,46.966367,"r, 12.39m,0000001029Hz,0000000000c,0000000.000s, 027.7C"
2026-03-03T17,58,56.966845,"r, 12.40m,0000001012Hz,0000000000c,0000000.000s, 027.7C"
2026-03-03T17,59,6.967282,"r, 12.42m,0000000994Hz,0000000000c,0000000.000s, 027.7C"
2026-03-03T17,59,16.967748,"r, 12.43m,0000000988Hz,0000000000c,0000000.000s, 027.7C"
2026-03-03T17,59,26.968229,"r, 12.42m,0000000992Hz,0000000000c,0000000.000s, 027.7C"
2026-03-03T17,59,36.968694,"r, 12.44m,0000000983Hz,0000000000c,0000000.000s, 027.7C"
2026-03-03T17,59,46.969165,"r, 12.44m,0000000975Hz,0000000000c,0000000.000s, 027.7C"
2026-03-03T17,59,56.96961,"r, 12.45m,0000000971Hz,0000000000c,0000000.000s, 027.7C"
2026-03-03T18,0,6.970113,"r, 12.45m,0000000967Hz,0000000000c,0000000.000s, 027.7C"
2026-03-03T18,0,16.970614,"r, 12.45m,0000000965Hz,0000000000c,0000000.000s, 027.7C"
2026-03-03T18,0,26.971073,"r, 12.46m,0000000963Hz,0000000000c,0000000.000s, 027.7C"
2026-03-03T18,0,36.971579,"r, 12.45m,0000000966Hz,0000000000c,0000000.000s, 027.7C"
2026-03-03T18,0,46.972068,"r, 12.46m,0000000956Hz,0000000000c,0000000.000s, 027.7C"
2026-03-03T18,0,56.972584,"r, 12.47m,0000000947Hz,0000000000c,0000000.000s, 027.7C"
2026-03-03T18,1,6.972984,"r, 12.49m,0000000935Hz,0000000000c,0000000.000s, 027.7C"
2026-03-03T18,1,16.9734,"r, 12.49m,0000000934Hz,0000000000c,0000000.000s, 027.7C"
2026-03-03T18,1,26.97394,"r, 12.49m,0000000931Hz,0000000000c,0000000.000s, 027.7C"
2026-03-03T18,1,36.974413,"r, 12.49m,0000000932Hz,0000000000c,0000000.000s, 027.7C"
2026-03-03T18,1,46.974915,"r, 12.49m,0000000935Hz,0000000000c,0000000.000s, 027.7C"
2026-03-03T18,1,56.97539,"r, 12.50m,0000000922Hz,0000000000c,0000000.000s, 027.7C"
2026-03-03T18,2,6.975924,"r, 12.51m,0000000918Hz,0000000000c,0000000.000s, 027.7C"
2026-03-03T18,2,16.976418,"r, 12.52m,0000000909Hz,0000000000c,0000000.000s, 027.7C"
2026-03-03T18,2,26.976905,"r, 12.51m,0000000912Hz,0000000000c,0000000.000s, 027.7C"
2026-03-03T18,2,36.977399,"r, 12.58m,0000000863Hz,0000000000c,0000000.000s, 027.7C"
2026-03-03T18,2,46.977883,"r, 12.55m,0000000884Hz,0000000000c,0000000.000s, 027.7C"
2026-03-03T18,2,56.978357,"r, 12.54m,0000000888Hz,0000000000c,0000000.000s, 027.7C"
2026-03-03T18,3,6.978866,"r, 12.62m,0000000824Hz,0000000000c,0000000.000s, 027.7C"
2026-03-03T18,3,16.979266,"r, 12.64m,0000000809Hz,0000000000c,0000000.000s, 027.7C"
2026-03-03T18,3,26.979761,"r, 12.55m,0000000884Hz,0000000000c,0000000.000s, 027.7C"
2026-03-03T18,3,36.980255,"r, 12.57m,0000000866Hz,0000000000c,0000000.000s, 027.7C"
2026-03-03T18,3,46.980737,"r, 12.57m,0000000864Hz,0000000000c,0000000.000s, 027.7C"
2026-03-03T18,3,56.981163,"r, 12.57m,0000000865Hz,0000000000c,0000000.000s, 027.7C"
2026-03-03T18,4,6.981641,"r, 12.57m,0000000869Hz,0000000000c,0000000.000s, 027.7C"
2026-03-03T18,4,16.982108,"r, 12.75m,0000000733Hz,0000000000c,0000000.000s, 027.7C"
2026-03-03T18,4,26.982561,"r, 12.73m,0000000747Hz,0000000000c,0000000.000s, 027.7C"
2026-03-03T18,4,36.983061,"r, 12.73m,0000000745Hz,0000000000c,0000000.000s, 027.7C"
2026-03-03T18,4,46.983558,"r, 12.73m,0000000751Hz,0000000000c,0000000.000s, 027.7C"
2026-03-03T18,4,56.984043,"r, 12.73m,0000000748Hz,0000000000c,0000000.000s, 027.7C"
2026-03-03T18,5,6.984554,"r, 12.61m,0000000839Hz,0000000000c,0000000.000s, 027.7C"
2026-03-03T18,5,16.985041,"r, 12.62m,0000000829Hz,0000000000c,0000000.000s, 027.7C"
2026-03-03T18,5,26.98552,"r, 12.62m,0000000829Hz,0000000000c,0000000.000s, 027.7C"
2026-03-03T18,5,36.986048,"r, 12.63m,0000000821Hz,0000000000c,0000000.000s, 027.7C"
2026-03-03T18,5,46.986539,"r, 12.63m,0000000817Hz,0000000000c,0000000.000s, 027.7C"
2026-03-03T18,5,56.987065,"r, 12.64m,0000000811Hz,0000000000c,0000000.000s, 027.7C"
2026-03-03T18,6,6.987533,"r, 12.65m,0000000805Hz,0000000000c,0000000.000s, 027.7C"
2026-03-03T18,6,16.988021,"r, 12.66m,0000000796Hz,0000000000c,0000000.000s, 027.7C"
2026-03-03T18,6,26.988517,"r, 12.67m,0000000789Hz,0000000000c,0000000.000s, 027.7C"
2026-03-03T18,6,36.988928,"r, 12.68m,0000000785Hz,0000000000c,0000000.000s, 027.7C"
2026-03-03T18,6,46.989412,"r, 12.69m,0000000776Hz,0000000000c,0000000.000s, 027.7C"
2026-03-03T18,6,56.989898,"r, 12.70m,0000000769Hz,0000000000c,0000000.000s, 027.7C"
2026-03-03T18,7,6.990382,"r, 12.70m,0000000764Hz,0000000000c,0000000.000s, 027.7C"
2026-03-03T18,7,16.990866,"r, 12.73m,0000000750Hz,0000000000c,0000000.000s, 027.7C"
2026-03-03T18,7,26.991345,"r, 12.73m,0000000746Hz,0000000000c,0000000.000s, 027.7C"
2026-03-03T18,7,36.991816,"r, 12.76m,0000000728Hz,0000000000c,0000000.000s, 027.7C"
2026-03-03T18,7,46.992316,"r, 12.76m,0000000729Hz,0000000000c,0000000.000s, 027.7C"
2026-03-03T18,7,56.99274,"r, 12.76m,0000000725Hz,0000000000c,0000000.000s, 027.7C"
2026-03-03T18,8,6.993167,"r, 12.78m,0000000712Hz,0000000000c,0000000.000s, 027.7C"
2026-03-03T18,8,16.993579,"r, 12.80m,0000000700Hz,0000000000c,0000000.000s, 027.7C"
2026-03-03T18,8,26.994023,"r, 12.89m,0000000644Hz,0000000000c,0000000.000s, 027.7C"
2026-03-03T18,8,36.994427,"r, 13.32m,0000000433Hz,0000000000c,0000000.000s, 027.7C"
2026-03-03T18,8,46.994933,"r, 13.18m,0000000492Hz,0000000000c,0000000.000s, 027.7C"
2026-03-03T18,8,56.995417,"r, 13.21m,0000000479Hz,0000000000c,0000000.000s, 028.0C"
2026-03-03T18,9,6.995902,"r, 13.11m,0000000530Hz,0000000000c,0000000.000s, 027.7C"
2026-03-03T18,9,16.996353,"r, 13.14m,0000000515Hz,0000000000c,0000000.000s, 027.7C"
2026-03-03T18,9,26.996832,"r, 13.03m,0000000569Hz,0000000000c,0000000.000s, 027.7C"
2026-03-03T18,9,36.997274,"r, 13.01m,0000000581Hz,0000000000c,0000000.000s, 028.0C"
2026-03-03T18,9,46.99771,"r, 12.93m,0000000626Hz,0000000000c,0000000.000s, 027.7C"
2026-03-03T18,9,56.998242,"r, 13.04m,0000000562Hz,0000000000c,0000000.000s, 027.7C"
2026-03-03T18,10,6.998745,"r, 13.05m,0000000556Hz,0000000000c,0000000.000s, 027.7C"
2026-03-03T18,10,16.999188,"r, 13.10m,0000000535Hz,0000000000c,0000000.000s, 027.7C"
2026-03-03T18,10,26.999666,"r, 13.04m,0000000566Hz,0000000000c,0000000.000s, 028.0C"
2026-03-03T18,10,37.00009,"r, 13.34m,0000000424Hz,0000000000c,0000000.000s, 027.7C"
2026-03-03T18,10,47.000576,"r, 13.15m,0000000507Hz,0000000000c,0000000.000s, 028.0C"
2026-03-03T18,10,57.001047,"r, 13.15m,0000000508Hz,0000000000c,0000000.000s, 027.7C"
2026-03-03T18,11,7.001494,"r, 13.20m,0000000486Hz,0000000000c,0000000.000s, 028.0C"
2026-03-03T18,11,17.001974,"r, 13.41m,0000000400Hz,0000000000c,0000000.000s, 028.0C"
2026-03-03T18,11,27.002418,"r, 13.35m,0000000422Hz,0000000000c,0000000.000s, 028.0C"
2026-03-03T18,11,37.002894,"r, 13.30m,0000000443Hz,0000000000c,0000000.000s, 028.0C"
2026-03-03T18,11,47.003375,"r, 13.36m,0000000418Hz,0000000000c,0000000.000s, 027.7C"
2026-03-03T18,11,57.003813,"r, 13.40m,0000000402Hz,0000000000c,0000000.000s, 027.7C"
2026-03-03T18,12,7.004355,"r, 13.50m,0000000367Hz,0000000000c,0000000.000s, 028.0C"
2026-03-03T18,12,17.004817,"r, 13.64m,0000000325Hz,0000000000c,0000000.000s, 027.7C"
2026-03-03T18,12,27.005263,"r, 13.70m,0000000307Hz,0000000000c,0000000.000s, 027.7C"
2026-03-03T18,12,37.005719,"r, 14.82m,0000000109Hz,0000004237c,0000000.009s, 028.0C"
2026-03-03T18,12,47.006149,"r, 11.68m,0000001961Hz,0000000000c,0000000.000s, 027.7C"
2026-03-03T18,12,57.006603,"r, 11.67m,0000001979Hz,0000000000c,0000000.000s, 028.0C"
2026-03-03T18,13,7.007079,"r, 11.70m,0000001921Hz,0000000000c,0000000.000s, 027.7C"
2026-03-03T18,13,17.007529,"r, 11.71m,0000001910Hz,0000000000c,0000000.000s, 028.0C"
2026-03-03T18,13,27.007944,"r, 11.71m,0000001906Hz,0000000000c,0000000.000s, 028.0C"
2026-03-03T18,13,37.00837,"r, 11.71m,0000001904Hz,0000000000c,0000000.000s, 028.0C"
2026-03-03T18,13,47.008807,"r, 11.72m,0000001902Hz,0000000000c,0000000.000s, 028.0C"
2026-03-03T18,13,57.009236,"r, 11.72m,0000001898Hz,0000000000c,0000000.000s, 028.0C"
2026-03-03T18,14,7.009729,"r, 11.72m,0000001897Hz,0000000000c,0000000.000s, 027.7C"
2026-03-03T18,14,17.010172,"r, 11.72m,0000001895Hz,0000000000c,0000000.000s, 027.7C"
2026-03-03T18,14,27.010668,"r, 11.72m,0000001893Hz,0000000000c,0000000.000s, 028.0C"
2026-03-03T18,14,37.011151,"r, 11.72m,0000001890Hz,0000000000c,0000000.000s, 028.0C"
2026-03-03T18,14,47.011652,"r, 11.72m,0000001892Hz,0000000000c,0000000.000s, 027.7C"
2026-03-03T18,14,57.012054,"r, 11.72m,0000001890Hz,0000000000c,0000000.000s, 028.0C"
2026-03-03T18,15,7.012577,"r, 11.73m,0000001886Hz,0000000000c,0000000.000s, 028.0C"
2026-03-03T18,15,17.013009,"r, 11.72m,0000001889Hz,0000000000c,0000000.000s, 028.0C"
2026-03-03T18,15,27.013544,"r, 11.72m,0000001889Hz,0000000000c,0000000.000s, 028.0C"
2026-03-03T18,15,37.014042,"r, 11.72m,0000001890Hz,0000000000c,0000000.000s, 028.0C"
2026-03-03T18,15,47.014502,"r, 11.72m,0000001890Hz,0000000000c,0000000.000s, 028.0C"
2026-03-03T18,15,57.014909,"r, 11.72m,0000001889Hz,0000000000c,0000000.000s, 027.7C"
2026-03-03T18,16,7.015394,"r, 11.73m,0000001886Hz,0000000000c,0000000.000s, 028.0C"
2026-03-03T18,16,17.015898,"r, 11.73m,0000001886Hz,0000000000c,0000000.000s, 028.0C"
2026-03-03T18,16,27.016401,"r, 11.73m,0000001884Hz,0000000000c,0000000.000s, 028.0C"
2026-03-03T18,16,37.016901,"r, 11.73m,0000001884Hz,0000000000c,0000000.000s, 028.0C"
2026-03-03T18,16,47.017349,"r, 11.73m,0000001881Hz,0000000000c,0000000.000s, 028.0C"
2026-03-03T18,16,57.01776,"r, 11.73m,0000001879Hz,0000000000c,0000000.000s, 028.0C"
2026-03-03T18,17,7.018164,"r, 11.73m,0000001877Hz,0000000000c,0000000.000s, 028.0C"
2026-03-03T18,17,17.0187,"r, 11.73m,0000001879Hz,0000000000c,0000000.000s, 028.0C"
2026-03-03T18,17,27.019221,"r, 11.73m,0000001876Hz,0000000000c,0000000.000s, 028.0C"
2026-03-03T18,17,37.019672,"r, 11.73m,0000001875Hz,0000000000c,0000000.000s, 028.0C"
2026-03-03T18,17,47.020153,"r, 11.73m,0000001874Hz,0000000000c,0000000.000s, 027.7C"
2026-03-03T18,17,57.020673,"r, 11.73m,0000001875Hz,0000000000c,0000000.000s, 027.7C"
2026-03-03T18,18,7.021154,"r, 11.73m,0000001875Hz,0000000000c,0000000.000s, 027.7C"
2026-03-03T18,18,17.021658,"r, 11.73m,0000001875Hz,0000000000c,0000000.000s, 028.0C"
2026-03-03T18,18,27.022135,"r, 11.73m,0000001874Hz,0000000000c,0000000.000s, 027.7C"
2026-03-03T18,18,37.022664,"r, 11.73m,0000001874Hz,0000000000c,0000000.000s, 027.7C"
2026-03-03T18,18,47.023146,"r, 11.73m,0000001876Hz,0000000000c,0000000.000s, 028.0C"
2026-03-03T18,18,57.023644,"r, 11.73m,0000001875Hz,0000000000c,0000000.000s, 028.0C"
2026-03-03T18,19,7.02412,"r, 11.73m,0000001877Hz,0000000000c,0000000.000s, 027.7C"
2026-03-03T18,19,17.024606,"r, 11.73m,0000001875Hz,0000000000c,0000000.000s, 028.0C"
2026-03-03T18,19,27.025111,"r, 11.73m,0000001872Hz,0000000000c,0000000.000s, 028.0C"
2026-03-03T18,19,37.025599,"r, 11.74m,0000001869Hz,0000000000c,0000000.000s, 028.0C"
2026-03-03T18,19,47.02609,"r, 11.74m,0000001867Hz,0000000000c,0000000.000s, 027.7C"
2026-03-03T18,19,57.026598,"r, 11.74m,0000001866Hz,0000000000c,0000000.000s, 028.0C"
2026-03-03T18,20,7.027008,"r, 11.74m,0000001865Hz,0000000000c,0000000.000s, 027.7C"
2026-03-03T18,20,17.027501,"r, 11.74m,0000001863Hz,0000000000c,0000000.000s, 027.7C"
2026-03-03T18,20,27.027962,"r, 11.74m,0000001863Hz,0000000000c,0000000.000s, 027.7C"
2026-03-03T18,20,37.02838,"r, 11.74m,0000001866Hz,0000000000c,0000000.000s, 028.0C"
2026-03-03T18,20,47.028871,"r, 11.74m,0000001868Hz,0000000000c,0000000.000s, 027.7C"
2026-03-03T18,20,57.02935,"r, 11.74m,0000001866Hz,0000000000c,0000000.000s, 027.7C"
2026-03-03T18,21,7.029804,"r, 11.74m,0000001867Hz,0000000000c,0000000.000s, 027.7C"
2026-03-03T18,21,17.03023,"r, 11.74m,0000001866Hz,0000000000c,0000000.000s, 028.0C"
2026-03-03T18,21,27.030711,"r, 11.74m,0000001863Hz,0000000000c,0000000.000s, 027.7C"
2026-03-03T18,21,37.031189,"r, 11.74m,0000001863Hz,0000000000c,0000000.000s, 027.7C"
2026-03-03T18,21,47.031678,"r, 11.74m,0000001861Hz,0000000000c,0000000.000s, 027.7C"
2026-03-03T18,21,57.032158,"r, 11.74m,0000001862Hz,0000000000c,0000000.000s, 028.0C"
2026-03-03T18,22,7.032669,"r, 11.74m,0000001861Hz,0000000000c,0000000.000s, 027.7C"
2026-03-03T18,22,17.033186,"r, 11.74m,0000001861Hz,0000000000c,0000000.000s, 027.7C"
2026-03-03T18,22,27.033703,"r, 11.74m,0000001864Hz,0000000000c,0000000.000s, 027.7C"
2026-03-03T18,22,37.034231,"r, 11.74m,0000001868Hz,0000000000c,0000000.000s, 027.7C"
2026-03-03T18,22,47.034753,"r, 11.74m,0000001867Hz,0000000000c,0000000.000s, 027.7C"
2026-03-03T18,22,57.035204,"r, 11.74m,0000001867Hz,0000000000c,0000000.000s, 027.7C"
2026-03-03T18,23,7.035735,"r, 11.74m,0000001870Hz,0000000000c,0000000.000s, 027.7C"
2026-03-03T18,23,17.03622,"r, 11.74m,0000001870Hz,0000000000c,0000000.000s, 027.7C"
2026-03-03T18,23,27.036717,"r, 11.74m,0000001868Hz,0000000000c,0000000.000s, 027.7C"
2026-03-03T18,23,37.037196,"r, 11.74m,0000001870Hz,0000000000c,0000000.000s, 027.7C"
2026-03-03T18,23,47.03769,"r, 11.73m,0000001872Hz,0000000000c,0000000.000s, 027.7C"
2026-03-03T18,23,57.038185,"r, 11.74m,0000001870Hz,0000000000c,0000000.000s, 027.7C"
2026-03-03T18,24,7.038614,"r, 11.74m,0000001866Hz,0000000000c,0000000.000s, 027.7C"
2026-03-03T18,24,17.03915,"r, 11.74m,0000001866Hz,0000000000c,0000000.000s, 027.7C"
2026-03-03T18,24,27.039646,"r, 11.74m,0000001868Hz,0000000000c,0000000.000s, 027.7C"
2026-03-03T18,24,37.040124,"r, 11.74m,0000001868Hz,0000000000c,0000000.000s, 027.7C"
2026-03-03T18,24,47.040632,"r, 11.74m,0000001870Hz,0000000000c,0000000.000s, 027.7C"
2026-03-03T18,24,57.041126,"r, 11.74m,0000001868Hz,0000000000c,0000000.000s, 027.7C"
2026-03-03T18,25,7.041649,"r, 11.74m,0000001868Hz,0000000000c,0000000.000s, 027.7C"
2026-03-03T18,25,17.042119,"r, 11.74m,0000001870Hz,0000000000c,0000000.000s, 027.7C"
2026-03-03T18,25,27.042619,"r, 11.74m,0000001868Hz,0000000000c,0000000.000s, 027.7C"
2026-03-03T18,25,37.043023,"r, 11.74m,0000001867Hz,0000000000c,0000000.000s, 027.7C"
2026-03-03T18,25,47.04352,"r, 11.74m,0000001864Hz,0000000000c,0000000.000s, 027.7C"
2026-03-03T18,25,57.043945,"r, 11.74m,0000001863Hz,0000000000c,0000000.000s, 027.7C"
2026-03-03T18,26,7.044438,"r, 11.74m,0000001861Hz,0000000000c,0000000.000s, 027.7C"
2026-03-03T18,26,17.044959,"r, 11.74m,0000001862Hz,0000000000c,0000000.000s, 027.7C"
2026-03-03T18,26,27.045456,"r, 11.74m,0000001861Hz,0000000000c,0000000.000s, 027.7C"
2026-03-03T18,26,37.045923,"r, 11.74m,0000001863Hz,0000000000c,0000000.000s, 027.7C"
2026-03-03T18,26,47.046457,"r, 11.74m,0000001863Hz,0000000000c,0000000.000s, 027.7C"
2026-03-03T18,26,57.046888,"r, 11.74m,0000001862Hz,0000000000c,0000000.000s, 027.7C"
2026-03-03T18,27,7.047406,"r, 11.74m,0000001864Hz,0000000000c,0000000.000s, 027.7C"
2026-03-03T18,27,17.047887,"r, 11.74m,0000001863Hz,0000000000c,0000000.000s, 027.7C"
2026-03-03T18,27,27.048386,"r, 11.74m,0000001863Hz,0000000000c,0000000.000s, 027.7C"
2026-03-03T18,27,37.048892,"r, 11.74m,0000001864Hz,0000000000c,0000000.000s, 027.7C"
2026-03-03T18,27,47.049378,"r, 11.74m,0000001864Hz,0000000000c,0000000.000s, 027.7C"
2026-03-03T18,27,57.049854,"r, 11.74m,0000001864Hz,0000000000c,0000000.000s, 027.7C"
2026-03-03T18,28,7.05029,"r, 11.74m,0000001866Hz,0000000000c,0000000.000s, 027.7C"
2026-03-03T18,28,17.050815,"r, 11.74m,0000001864Hz,0000000000c,0000000.000s, 027.7C"
2026-03-03T18,28,27.051254,"r, 11.74m,0000001865Hz,0000000000c,0000000.000s, 027.7C"
2026-03-03T18,28,37.051749,"r, 11.74m,0000001865Hz,0000000000c,0000000.000s, 027.7C"
2026-03-03T18,28,47.052186,"r, 11.74m,0000001864Hz,0000000000c,0000000.000s, 027.7C"
2026-03-03T18,28,57.052629,"r, 11.74m,0000001863Hz,0000000000c,0000000.000s, 027.7C"
2026-03-03T18,29,7.053037,"r, 11.74m,0000001863Hz,0000000000c,0000000.000s, 027.7C"
2026-03-03T18,29,17.053519,"r, 11.74m,0000001861Hz,0000000000c,0000000.000s, 027.7C"
2026-03-03T18,29,27.053982,"r, 11.74m,0000001863Hz,0000000000c,0000000.000s, 027.7C"
2026-03-03T18,29,37.054473,"r, 11.74m,0000001861Hz,0000000000c,0000000.000s, 027.7C"
2026-03-03T18,29,47.054918,"r, 11.74m,0000001862Hz,0000000000c,0000000.000s, 027.7C"
2026-03-03T18,29,57.055384,"r, 11.74m,0000001863Hz,0000000000c,0000000.000s, 027.7C"
2026-03-03T18,30,7.055892,"r, 11.74m,0000001863Hz,0000000000c,0000000.000s, 027.7C"
2026-03-03T18,30,17.056349,"r, 11.74m,0000001862Hz,0000000000c,0000000.000s, 027.7C"
2026-03-03T18,30,27.056864,"r, 11.74m,0000001864Hz,0000000000c,0000000.000s, 027.7C"
2026-03-03T18,30,37.057389,"r, 11.74m,0000001867Hz,0000000000c,0000000.000s, 027.7C"
2026-03-03T18,30,47.057865,"r, 11.74m,0000001869Hz,0000000000c,0000000.000s, 027.7C"
2026-03-03T18,30,57.058367,"r, 11.73m,0000001873Hz,0000000000c,0000000.000s, 027.7C"
2026-03-03T18,31,7.05887,"r, 11.73m,0000001874Hz,0000000000c,0000000.000s, 027.7C"
2026-03-03T18,31,17.059365,"r, 11.73m,0000001875Hz,0000000000c,0000000.000s, 027.7C"
2026-03-03T18,31,27.059846,"r, 11.73m,0000001873Hz,0000000000c,0000000.000s, 027.7C"
2026-03-03T18,31,37.060304,"r, 11.73m,0000001873Hz,0000000000c,0000000.000s, 027.7C"
2026-03-03T18,31,47.060782,"r, 11.74m,0000001871Hz,0000000000c,0000000.000s, 027.7C"
2026-03-03T18,31,57.061288,"r, 11.74m,0000001870Hz,0000000000c,0000000.000s, 027.7C"
2026-03-03T18,32,7.061786,"r, 11.74m,0000001869Hz,0000000000c,0000000.000s, 027.7C"
2026-03-03T18,32,17.06221,"r, 11.74m,0000001868Hz,0000000000c,0000000.000s, 027.7C"
2026-03-03T18,32,27.062715,"r, 11.74m,0000001867Hz,0000000000c,0000000.000s, 027.7C"
2026-03-03T18,32,37.063198,"r, 11.74m,0000001867Hz,0000000000c,0000000.000s, 027.7C"
2026-03-03T18,32,47.063748,"r, 11.74m,0000001868Hz,0000000000c,0000000.000s, 027.7C"
2026-03-03T18,32,57.064248,"r, 11.74m,0000001869Hz,0000000000c,0000000.000s, 027.7C"
2026-03-03T18,33,7.064754,"r, 11.74m,0000001868Hz,0000000000c,0000000.000s, 027.7C"
2026-03-03T18,33,17.065189,"r, 11.74m,0000001868Hz,0000000000c,0000000.000s, 027.7C"
2026-03-03T18,33,27.065673,"r, 11.74m,0000001870Hz,0000000000c,0000000.000s, 027.7C"
2026-03-03T18,33,37.066076,"r, 11.73m,0000001872Hz,0000000000c,0000000.000s, 027.7C"
2026-03-03T18,33,47.066562,"r, 11.73m,0000001873Hz,0000000000c,0000000.000s, 027.7C"
2026-03-03T18,33,57.06704,"r, 11.73m,0000001872Hz,0000000000c,0000000.000s, 027.7C"
2026-03-03T18,34,7.067564,"r, 11.73m,0000001872Hz,0000000000c,0000000.000s, 027.7C"
2026-03-03T18,34,17.068071,"r, 11.74m,0000001871Hz,0000000000c,0000000.000s, 027.7C"
2026-03-03T18,34,27.068563,"r, 11.74m,0000001871Hz,0000000000c,0000000.000s, 027.7C"
2026-03-03T18,34,37.069018,"r, 11.73m,0000001874Hz,0000000000c,0000000.000s, 027.7C"
2026-03-03T18,34,47.069433,"r, 11.73m,0000001878Hz,0000000000c,0000000.000s, 027.7C"
2026-03-03T18,34,57.069975,"r, 11.73m,0000001884Hz,0000000000c,0000000.000s, 027.7C"
2026-03-03T18,35,7.070473,"r, 11.73m,0000001887Hz,0000000000c,0000000.000s, 027.7C"
2026-03-03T18,35,17.070919,"r, 11.72m,0000001889Hz,0000000000c,0000000.000s, 027.7C"
2026-03-03T18,35,27.07145,"r, 11.72m,0000001888Hz,0000000000c,0000000.000s, 027.7C"
2026-03-03T18,35,37.071942,"r, 11.73m,0000001884Hz,0000000000c,0000000.000s, 027.7C"
2026-03-03T18,35,47.072438,"r, 11.73m,0000001881Hz,0000000000c,0000000.000s, 027.7C"
2026-03-03T18,35,57.072921,"r, 11.73m,0000001879Hz,0000000000c,0000000.000s, 027.7C"
2026-03-03T18,36,7.073407,"r, 11.73m,0000001877Hz,0000000000c,0000000.000s, 027.7C"
2026-03-03T18,36,17.073899,"r, 11.73m,0000001876Hz,0000000000c,0000000.000s, 027.7C"
2026-03-03T18,36,27.07438,"r, 11.73m,0000001876Hz,0000000000c,0000000.000s, 027.7C"
2026-03-03T18,36,37.074876,"r, 11.73m,0000001875Hz,0000000000c,0000000.000s, 027.7C"
2026-03-03T18,36,47.075365,"r, 11.73m,0000001874Hz,0000000000c,0000000.000s, 027.7C"
2026-03-03T18,36,57.075852,"r, 11.73m,0000001874Hz,0000000000c,0000000.000s, 027.7C"
2026-03-03T18,37,7.076278,"r, 11.73m,0000001875Hz,0000000000c,0000000.000s, 027.7C"
2026-03-03T18,37,17.076758,"r, 11.73m,0000001875Hz,0000000000c,0000000.000s, 027.7C"
2026-03-03T18,37,27.077197,"r, 11.73m,0000001876Hz,0000000000c,0000000.000s, 027.7C"
2026-03-03T18,37,37.07764,"r, 11.73m,0000001877Hz,0000000000c,0000000.000s, 027.7C"
2026-03-03T18,37,47.078121,"r, 11.73m,0000001877Hz,0000000000c,0000000.000s, 027.7C"
2026-03-03T18,37,57.078624,"r, 11.73m,0000001877Hz,0000000000c,0000000.000s, 027.3C"
2026-03-03T18,38,7.079113,"r, 11.73m,0000001879Hz,0000000000c,0000000.000s, 027.7C"
2026-03-03T18,38,17.079602,"r, 11.73m,0000001880Hz,0000000000c,0000000.000s, 027.7C"
2026-03-03T18,38,27.080079,"r, 11.73m,0000001880Hz,0000000000c,0000000.000s, 027.7C"
2026-03-03T18,38,37.080603,"r, 11.73m,0000001879Hz,0000000000c,0000000.000s, 027.7C"
2026-03-03T18,38,47.0811,"r, 11.73m,0000001879Hz,0000000000c,0000000.000s, 027.7C"
2026-03-03T18,38,57.081643,"r, 11.73m,0000001878Hz,0000000000c,0000000.000s, 027.7C"
2026-03-03T18,39,7.082121,"r, 11.73m,0000001879Hz,0000000000c,0000000.000s, 027.7C"
2026-03-03T18,39,17.08254,"r, 11.73m,0000001882Hz,0000000000c,0000000.000s, 027.7C"
2026-03-03T18,39,27.083032,"r, 11.73m,0000001887Hz,0000000000c,0000000.000s, 027.7C"
2026-03-03T18,39,37.083492,"r, 11.72m,0000001889Hz,0000000000c,0000000.000s, 027.7C"
2026-03-03T18,39,47.083906,"r, 11.72m,0000001889Hz,0000000000c,0000000.000s, 027.3C"
2026-03-03T18,39,57.084412,"r, 11.72m,0000001888Hz,0000000000c,0000000.000s, 027.7C"
2026-03-03T18,40,7.084841,"r, 11.73m,0000001886Hz,0000000000c,0000000.000s, 027.3C"
2026-03-03T18,40,17.085284,"r, 11.73m,0000001885Hz,0000000000c,0000000.000s, 027.7C"
2026-03-03T18,40,27.085833,"r, 11.73m,0000001884Hz,0000000000c,0000000.000s, 027.7C"
2026-03-03T18,40,37.08626,"r, 11.73m,0000001883Hz,0000000000c,0000000.000s, 027.7C"
2026-03-03T18,40,47.086735,"r, 11.73m,0000001884Hz,0000000000c,0000000.000s, 027.7C"
2026-03-03T18,40,57.087273,"r, 11.73m,0000001885Hz,0000000000c,0000000.000s, 027.3C"
2026-03-03T18,41,7.087729,"r, 11.73m,0000001885Hz,0000000000c,0000000.000s, 027.3C"
2026-03-03T18,41,17.088221,"r, 11.73m,0000001885Hz,0000000000c,0000000.000s, 027.7C"
2026-03-03T18,41,27.088742,"r, 11.72m,0000001890Hz,0000000000c,0000000.000s, 027.7C"
2026-03-03T18,41,37.089211,"r, 11.72m,0000001890Hz,0000000000c,0000000.000s, 027.7C"
2026-03-03T18,41,47.089713,"r, 11.72m,0000001890Hz,0000000000c,0000000.000s, 027.7C"
2026-03-03T18,41,57.090204,"r, 11.72m,0000001890Hz,0000000000c,0000000.000s, 027.7C"
2026-03-03T18,42,7.09071,"r, 11.72m,0000001891Hz,0000000000c,0000000.000s, 027.7C"
2026-03-03T18,42,17.091181,"r, 11.72m,0000001895Hz,0000000000c,0000000.000s, 027.7C"
2026-03-03T18,42,27.091622,"r, 11.72m,0000001893Hz,0000000000c,0000000.000s, 027.3C"
2026-03-03T18,42,37.092036,"r, 11.72m,0000001897Hz,0000000000c,0000000.000s, 027.7C"
2026-03-03T18,42,47.092467,"r, 11.72m,0000001896Hz,0000000000c,0000000.000s, 027.7C"
2026-03-03T18,42,57.092952,"r, 11.72m,0000001894Hz,0000000000c,0000000.000s, 027.3C"
2026-03-03T18,43,7.093404,"r, 11.72m,0000001893Hz,0000000000c,0000000.000s, 027.7C"
2026-03-03T18,43,17.093887,"r, 11.72m,0000001896Hz,0000000000c,0000000.000s, 027.7C"
2026-03-03T18,43,27.094305,"r, 11.72m,0000001902Hz,0000000000c,0000000.000s, 027.7C"
2026-03-03T18,43,37.0948,"r, 11.71m,0000001904Hz,0000000000c,0000000.000s, 027.7C"
2026-03-03T18,43,47.095257,"r, 11.71m,0000001906Hz,0000000000c,0000000.000s, 027.7C"
2026-03-03T18,43,57.095734,"r, 11.71m,0000001907Hz,0000000000c,0000000.000s, 027.7C"
2026-03-03T18,44,7.096243,"r, 11.71m,0000001908Hz,0000000000c,0000000.000s, 027.3C"
2026-03-03T18,44,17.096727,"r, 11.71m,0000001908Hz,0000000000c,0000000.000s, 027.7C"
2026-03-03T18,44,27.097149,"r, 11.71m,0000001905Hz,0000000000c,0000000.000s, 027.7C"
2026-03-03T18,44,37.097593,"r, 11.72m,0000001901Hz,0000000000c,0000000.000s, 027.7C"
2026-03-03T18,44,47.098072,"r, 11.72m,0000001900Hz,0000000000c,0000000.000s, 027.7C"
2026-03-03T18,44,57.098516,"r, 11.72m,0000001899Hz,0000000000c,0000000.000s, 027.7C"
2026-03-03T18,45,7.098914,"r, 11.72m,0000001898Hz,0000000000c,0000000.000s, 027.3C"
2026-03-03T18,45,17.099433,"r, 11.72m,0000001896Hz,0000000000c,0000000.000s, 027.3C"
2026-03-03T18,45,27.099925,"r, 11.72m,0000001896Hz,0000000000c,0000000.000s, 027.3C"
2026-03-03T18,45,37.100398,"r, 11.72m,0000001895Hz,0000000000c,0000000.000s, 027.7C"
2026-03-03T18,45,47.100935,"r, 11.72m,0000001894Hz,0000000000c,0000000.000s, 027.7C"
2026-03-03T18,45,57.101419,"r, 11.72m,0000001894Hz,0000000000c,0000000.000s, 027.7C"
2026-03-03T18,46,7.101958,"r, 11.72m,0000001895Hz,0000000000c,0000000.000s, 027.7C"
2026-03-03T18,46,17.10247,"r, 11.72m,0000001896Hz,0000000000c,0000000.000s, 027.7C"
2026-03-03T18,46,27.102886,"r, 11.72m,0000001895Hz,0000000000c,0000000.000s, 027.7C"
2026-03-03T18,46,37.103335,"r, 11.72m,0000001895Hz,0000000000c,0000000.000s, 027.7C"
2026-03-03T18,46,47.103841,"r, 11.72m,0000001897Hz,0000000000c,0000000.000s, 027.7C"
2026-03-03T18,46,57.104323,"r, 11.72m,0000001899Hz,0000000000c,0000000.000s, 027.3C"
2026-03-03T18,47,7.104742,"r, 11.72m,0000001899Hz,0000000000c,0000000.000s, 027.3C"
2026-03-03T18,47,17.10521,"r, 11.72m,0000001898Hz,0000000000c,0000000.000s, 027.3C"
2026-03-03T18,47,27.105744,"r, 11.72m,0000001898Hz,0000000000c,0000000.000s, 027.3C"
2026-03-03T18,47,37.106245,"r, 11.72m,0000001896Hz,0000000000c,0000000.000s, 027.7C"
2026-03-03T18,47,47.106748,"r, 11.72m,0000001896Hz,0000000000c,0000000.000s, 027.7C"
2026-03-03T18,47,57.107173,"r, 11.72m,0000001896Hz,0000000000c,0000000.000s, 027.7C"
2026-03-03T18,48,7.107642,"r, 11.73m,0000001879Hz,0000000000c,0000000.000s, 027.7C"
2026-03-03T18,48,17.108104,"r, 11.73m,0000001874Hz,0000000000c,0000000.000s, 027.7C"
2026-03-03T18,48,27.108611,"r, 11.76m,0000001826Hz,0000000000c,0000000.000s, 027.3C"
2026-03-03T18,48,37.109102,"r, 11.72m,0000001888Hz,0000000000c,0000000.000s, 027.3C"
2026-03-03T18,48,47.109604,"r, 11.72m,0000001888Hz,0000000000c,0000000.000s, 027.7C"
2026-03-03T18,48,57.110029,"r, 11.72m,0000001888Hz,0000000000c,0000000.000s, 027.3C"
2026-03-03T18,49,7.1105,"r, 11.74m,0000001857Hz,0000000000c,0000000.000s, 027.3C"
2026-03-03T18,49,17.110945,"r, 11.72m,0000001888Hz,0000000000c,0000000.000s, 027.7C"
2026-03-03T18,49,27.111367,"r, 11.72m,0000001888Hz,0000000000c,0000000.000s, 027.7C"
2026-03-03T18,49,37.111852,"r, 11.72m,0000001890Hz,0000000000c,0000000.000s, 027.3C"
2026-03-03T18,49,47.112327,"r, 11.72m,0000001890Hz,0000000000c,0000000.000s, 027.3C"
2026-03-03T18,49,57.1128,"r, 11.72m,0000001888Hz,0000000000c,0000000.000s, 027.3C"
2026-03-03T18,50,7.113284,"r, 11.72m,0000001890Hz,0000000000c,0000000.000s, 027.3C"
2026-03-03T18,50,17.113749,"r, 11.72m,0000001891Hz,0000000000c,0000000.000s, 027.3C"
2026-03-03T18,50,27.114236,"r, 11.72m,0000001892Hz,0000000000c,0000000.000s, 027.3C"
2026-03-03T18,50,37.114687,"r, 11.72m,0000001892Hz,0000000000c,0000000.000s, 027.7C"
2026-03-03T18,50,47.115125,"r, 11.72m,0000001891Hz,0000000000c,0000000.000s, 027.3C"
2026-03-03T18,50,57.115636,"r, 11.72m,0000001892Hz,0000000000c,0000000.000s, 027.3C"
2026-03-03T18,51,7.116147,"r, 11.72m,0000001891Hz,0000000000c,0000000.000s, 027.3C"
2026-03-03T18,51,17.116615,"r, 11.72m,0000001891Hz,0000000000c,0000000.000s, 027.7C"
2026-03-03T18,51,27.117098,"r, 11.72m,0000001891Hz,0000000000c,0000000.000s, 027.7C"
2026-03-03T18,51,37.11757,"r, 11.72m,0000001891Hz,0000000000c,0000000.000s, 027.3C"
2026-03-03T18,51,47.118057,"r, 11.72m,0000001891Hz,0000000000c,0000000.000s, 027.7C"
2026-03-03T18,51,57.118511,"r, 11.72m,0000001893Hz,0000000000c,0000000.000s, 027.3C"
2026-03-03T18,52,7.119027,"r, 11.72m,0000001893Hz,0000000000c,0000000.000s, 027.7C"
2026-03-03T18,52,17.119495,"r, 11.72m,0000001892Hz,0000000000c,0000000.000s, 027.3C"
2026-03-03T18,52,27.119989,"r, 11.72m,0000001891Hz,0000000000c,0000000.000s, 027.3C"
2026-03-03T18,52,37.120459,"r, 11.72m,0000001892Hz,0000000000c,0000000.000s, 027.3C"
2026-03-03T18,52,47.120862,"r, 11.72m,0000001893Hz,0000000000c,0000000.000s, 027.3C"
2026-03-03T18,52,57.121358,"r, 11.72m,0000001895Hz,0000000000c,0000000.000s, 027.3C"
2026-03-03T18,53,7.121825,"r, 11.72m,0000001895Hz,0000000000c,0000000.000s, 027.3C"
2026-03-03T18,53,17.122261,"r, 11.72m,0000001894Hz,0000000000c,0000000.000s, 027.3C"
2026-03-03T18,53,27.122797,"r, 11.72m,0000001895Hz,0000000000c,0000000.000s, 027.3C"
2026-03-03T18,53,37.123211,"r, 11.72m,0000001896Hz,0000000000c,0000000.000s, 027.7C"
2026-03-03T18,53,47.123701,"r, 11.72m,0000001899Hz,0000000000c,0000000.000s, 027.3C"
2026-03-03T18,53,57.124181,"r, 11.72m,0000001899Hz,0000000000c,0000000.000s, 027.3C"
2026-03-03T18,54,7.124745,"r, 11.72m,0000001901Hz,0000000000c,0000000.000s, 027.3C"
2026-03-03T18,54,17.125227,"r, 11.72m,0000001901Hz,0000000000c,0000000.000s, 027.3C"
2026-03-03T18,54,27.125721,"r, 11.72m,0000001901Hz,0000000000c,0000000.000s, 027.3C"
2026-03-03T18,54,37.126139,"r, 11.72m,0000001901Hz,0000000000c,0000000.000s, 027.3C"
2026-03-03T18,54,47.126615,"r, 11.72m,0000001901Hz,0000000000c,0000000.000s, 027.3C"
2026-03-03T18,54,57.127078,"r, 11.74m,0000001861Hz,0000000000c,0000000.000s, 027.3C"
2026-03-03T18,55,7.127479,"r, 11.74m,0000001870Hz,0000000000c,0000000.000s, 027.3C"
2026-03-03T18,55,17.127957,"r, 11.73m,0000001886Hz,0000000000c,0000000.000s, 027.3C"
2026-03-03T18,55,27.128391,"r, 11.72m,0000001900Hz,0000000000c,0000000.000s, 027.3C"
2026-03-03T18,55,37.128859,"r, 11.72m,0000001900Hz,0000000000c,0000000.000s, 027.3C"
2026-03-03T18,55,47.129316,"r, 11.72m,0000001901Hz,0000000000c,0000000.000s, 027.3C"
2026-03-03T18,55,57.129801,"r, 11.72m,0000001901Hz,0000000000c,0000000.000s, 027.3C"
2026-03-03T18,56,7.130303,"r, 11.72m,0000001901Hz,0000000000c,0000000.000s, 027.3C"
2026-03-03T18,56,17.130836,"r, 11.72m,0000001902Hz,0000000000c,0000000.000s, 027.3C"
2026-03-03T18,56,27.13135,"r, 11.72m,0000001903Hz,0000000000c,0000000.000s, 027.3C"
2026-03-03T18,56,37.131798,"r, 11.72m,0000001903Hz,0000000000c,0000000.000s, 027.3C"
2026-03-03T18,56,47.132305,"r, 11.71m,0000001907Hz,0000000000c,0000000.000s, 027.3C"
2026-03-03T18,56,57.132841,"r, 11.71m,0000001907Hz,0000000000c,0000000.000s, 027.3C"
2026-03-03T18,57,7.133348,"r, 11.71m,0000001909Hz,0000000000c,0000000.000s, 027.3C"
2026-03-03T18,57,17.133818,"r, 11.71m,0000001907Hz,0000000000c,0000000.000s, 027.3C"
2026-03-03T18,57,27.134266,"r, 11.71m,0000001908Hz,0000000000c,0000000.000s, 027.3C"
2026-03-03T18,57,37.134775,"r, 11.72m,0000001894Hz,0000000000c,0000000.000s, 027.3C"
2026-03-03T18,57,47.135265,"r, 11.71m,0000001913Hz,0000000000c,0000000.000s, 027.3C"
2026-03-03T18,57,57.135759,"r, 11.71m,0000001914Hz,0000000000c,0000000.000s, 027.3C"
2026-03-03T18,58,7.136193,"r, 11.71m,0000001913Hz,0000000000c,0000000.000s, 027.3C"
2026-03-03T18,58,17.136624,"r, 11.71m,0000001916Hz,0000000000c,0000000.000s, 027.3C"
2026-03-03T18,58,27.137099,"r, 11.71m,0000001915Hz,0000000000c,0000000.000s, 027.3C"
2026-03-03T18,58,37.137539,"r, 11.71m,0000001914Hz,0000000000c,0000000.000s, 027.3C"
2026-03-03T18,58,47.13795,"r, 11.72m,0000001898Hz,0000000000c,0000000.000s, 027.3C"
2026-03-03T18,58,57.138436,"r, 11.72m,0000001900Hz,0000000000c,0000000.000s, 027.3C"
2026-03-03T18,59,7.138907,"r, 11.72m,0000001901Hz,0000000000c,0000000.000s, 027.3C"
2026-03-03T18,59,17.139313,"r, 11.72m,0000001902Hz,0000000000c,0000000.000s, 027.3C"
2026-03-03T18,59,27.139849,"r, 11.72m,0000001900Hz,0000000000c,0000000.000s, 027.3C"
2026-03-03T18,59,37.140345,"r, 11.72m,0000001899Hz,0000000000c,0000000.000s, 027.3C"
2026-03-03T18,59,47.140837,"r, 11.72m,0000001902Hz,0000000000c,0000000.000s, 027.3C"
2026-03-03T18,59,57.141341,"r, 11.71m,0000001904Hz,0000000000c,0000000.000s, 027.3C"
2026-03-03T19,0,7.141805,"r, 11.72m,0000001903Hz,0000000000c,0000000.000s, 027.3C"
2026-03-03T19,0,17.142331,"r, 11.72m,0000001902Hz,0000000000c,0000000.000s, 027.3C"
2026-03-03T19,0,27.14276,"r, 11.72m,0000001902Hz,0000000000c,0000000.000s, 027.3C"
2026-03-03T19,0,37.143268,"r, 11.72m,0000001901Hz,0000000000c,0000000.000s, 027.3C"
2026-03-03T19,0,47.143703,"r, 11.71m,0000001905Hz,0000000000c,0000000.000s, 027.3C"
2026-03-03T19,0,57.144187,"r, 11.72m,0000001903Hz,0000000000c,0000000.000s, 027.3C"
2026-03-03T19,1,7.144679,"r, 11.71m,0000001907Hz,0000000000c,0000000.000s, 027.3C"
2026-03-03T19,1,17.145166,"r, 11.71m,0000001909Hz,0000000000c,0000000.000s, 027.3C"
2026-03-03T19,1,27.145682,"r, 11.71m,0000001909Hz,0000000000c,0000000.000s, 027.3C"
2026-03-03T19,1,37.146165,"r, 11.71m,0000001907Hz,0000000000c,0000000.000s, 027.3C"
2026-03-03T19,1,47.146694,"r, 11.71m,0000001904Hz,0000000000c,0000000.000s, 027.3C"
2026-03-03T19,1,57.147182,"r, 11.71m,0000001906Hz,0000000000c,0000000.000s, 027.3C"
2026-03-03T19,2,7.147723,"r, 11.71m,0000001907Hz,0000000000c,0000000.000s, 027.3C"
2026-03-03T19,2,17.148207,"r, 11.71m,0000001907Hz,0000000000c,0000000.000s, 027.3C"
2026-03-03T19,2,27.148712,"r, 11.71m,0000001907Hz,0000000000c,0000000.000s, 027.3C"
2026-03-03T19,2,37.149125,"r, 11.71m,0000001905Hz,0000000000c,0000000.000s, 027.3C"
2026-03-03T19,2,47.149611,"r, 11.71m,0000001909Hz,0000000000c,0000000.000s, 027.3C"
2026-03-03T19,2,57.150093,"r, 11.71m,0000001910Hz,0000000000c,0000000.000s, 027.3C"
2026-03-03T19,3,7.150605,"r, 11.71m,0000001906Hz,0000000000c,0000000.000s, 027.3C"
2026-03-03T19,3,17.151102,"r, 11.71m,0000001909Hz,0000000000c,0000000.000s, 027.3C"
2026-03-03T19,3,27.151546,"r, 11.71m,0000001908Hz,0000000000c,0000000.000s, 027.3C"
2026-03-03T19,3,37.151981,"r, 11.71m,0000001909Hz,0000000000c,0000000.000s, 027.3C"
2026-03-03T19,3,47.15241,"r, 11.71m,0000001905Hz,0000000000c,0000000.000s, 027.3C"
2026-03-03T19,3,57.152805,"r, 11.71m,0000001909Hz,0000000000c,0000000.000s, 027.3C"
2026-03-03T19,4,7.153293,"r, 11.71m,0000001909Hz,0000000000c,0000000.000s, 027.3C"
2026-03-03T19,4,17.1538,"r, 11.71m,0000001910Hz,0000000000c,0000000.000s, 027.3C"
2026-03-03T19,4,27.154236,"r, 11.71m,0000001908Hz,0000000000c,0000000.000s, 027.3C"
2026-03-03T19,4,37.154679,"r, 11.71m,0000001908Hz,0000000000c,0000000.000s, 027.3C"
2026-03-03T19,4,47.155103,"r, 11.71m,0000001909Hz,0000000000c,0000000.000s, 027.3C"
2026-03-03T19,4,57.155562,"r, 11.71m,0000001909Hz,0000000000c,0000000.000s, 027.3C"
2026-03-03T19,5,7.15605,"r, 11.71m,0000001912Hz,0000000000c,0000000.000s, 027.3C"
2026-03-03T19,5,17.156494,"r, 11.71m,0000001909Hz,0000000000c,0000000.000s, 027.3C"
2026-03-03T19,5,27.156922,"r, 11.71m,0000001910Hz,0000000000c,0000000.000s, 027.3C"
2026-03-03T19,5,37.157404,"r, 11.71m,0000001909Hz,0000000000c,0000000.000s, 027.0C"
2026-03-03T19,5,47.157896,"r, 11.71m,0000001910Hz,0000000000c,0000000.000s, 027.0C"
2026-03-03T19,5,57.158382,"r, 11.71m,0000001913Hz,0000000000c,0000000.000s, 027.3C"
2026-03-03T19,6,7.158879,"r, 11.71m,0000001913Hz,0000000000c,0000000.000s, 027.3C"
2026-03-03T19,6,17.159285,"r, 11.71m,0000001913Hz,0000000000c,0000000.000s, 027.3C"
2026-03-03T19,6,27.159777,"r, 11.71m,0000001913Hz,0000000000c,0000000.000s, 027.3C"
2026-03-03T19,6,37.160187,"r, 11.71m,0000001911Hz,0000000000c,0000000.000s, 027.3C"
2026-03-03T19,6,47.16074,"r, 11.71m,0000001910Hz,0000000000c,0000000.000s, 027.3C"
2026-03-03T19,6,57.161266,"r, 11.71m,0000001910Hz,0000000000c,0000000.000s, 027.3C"
2026-03-03T19,7,7.161764,"r, 11.71m,0000001908Hz,0000000000c,0000000.000s, 027.3C"
2026-03-03T19,7,17.162264,"r, 11.71m,0000001909Hz,0000000000c,0000000.000s, 027.3C"
2026-03-03T19,7,27.162678,"r, 11.71m,0000001911Hz,0000000000c,0000000.000s, 027.0C"
2026-03-03T19,7,37.16309,"r, 11.71m,0000001913Hz,0000000000c,0000000.000s, 027.3C"
2026-03-03T19,7,47.163533,"r, 11.71m,0000001913Hz,0000000000c,0000000.000s, 027.3C"
2026-03-03T19,7,57.163942,"r, 11.71m,0000001914Hz,0000000000c,0000000.000s, 027.3C"
2026-03-03T19,8,7.164368,"r, 11.71m,0000001914Hz,0000000000c,0000000.000s, 027.3C"
2026-03-03T19,8,17.164798,"r, 11.71m,0000001912Hz,0000000000c,0000000.000s, 027.3C"
2026-03-03T19,8,27.165205,"r, 11.71m,0000001912Hz,0000000000c,0000000.000s, 027.3C"
2026-03-03T19,8,37.165652,"r, 11.71m,0000001911Hz,0000000000c,0000000.000s, 027.3C"
2026-03-03T19,8,47.166064,"r, 11.71m,0000001910Hz,0000000000c,0000000.000s, 027.3C"
2026-03-03T19,8,57.166499,"r, 11.71m,0000001909Hz,0000000000c,0000000.000s, 027.3C"
2026-03-03T19,9,7.167017,"r, 11.71m,0000001910Hz,0000000000c,0000000.000s, 027.0C"
2026-03-03T19,9,17.167558,"r, 11.71m,0000001907Hz,0000000000c,0000000.000s, 027.3C"
2026-03-03T19,9,27.168056,"r, 11.71m,0000001912Hz,0000000000c,0000000.000s, 027.0C"
2026-03-03T19,9,37.16849,"r, 11.71m,0000001914Hz,0000000000c,0000000.000s, 027.3C"
2026-03-03T19,9,47.168936,"r, 11.71m,0000001915Hz,0000000000c,0000000.000s, 027.3C"
2026-03-03T19,9,57.16941,"r, 11.71m,0000001917Hz,0000000000c,0000000.000s, 027.3C"
2026-03-03T19,10,7.1699,"r, 11.71m,0000001917Hz,0000000000c,0000000.000s, 027.3C"
2026-03-03T19,10,17.170382,"r, 11.71m,0000001916Hz,0000000000c,0000000.000s, 027.0C"
2026-03-03T19,10,27.170812,"r, 11.71m,0000001914Hz,0000000000c,0000000.000s, 027.3C"
2026-03-03T19,10,37.171296,"r, 11.71m,0000001915Hz,0000000000c,0000000.000s, 027.0C"
2026-03-03T19,10,47.171705,"r, 11.71m,0000001915Hz,0000000000c,0000000.000s, 027.3C"
2026-03-03T19,10,57.172182,"r, 11.71m,0000001913Hz,0000000000c,0000000.000s, 027.0C"
2026-03-03T19,11,7.172728,"r, 11.71m,0000001911Hz,0000000000c,0000000.000s, 027.3C"
2026-03-03T19,11,17.173249,"r, 11.71m,0000001914Hz,0000000000c,0000000.000s, 027.3C"
2026-03-03T19,11,27.173777,"r, 11.71m,0000001915Hz,0000000000c,0000000.000s, 027.3C"
2026-03-03T19,11,37.174263,"r, 11.71m,0000001917Hz,0000000000c,0000000.000s, 027.0C"
2026-03-03T19,11,47.174688,"r, 11.70m,0000001920Hz,0000000000c,0000000.000s, 027.3C"
2026-03-03T19,11,57.175199,"r, 11.70m,0000001920Hz,0000000000c,0000000.000s, 027.3C"
2026-03-03T19,12,7.17568,"r, 11.70m,0000001922Hz,0000000000c,0000000.000s, 027.0C"
2026-03-03T19,12,17.176167,"r, 11.70m,0000001922Hz,0000000000c,0000000.000s, 027.3C"
2026-03-03T19,12,27.176702,"r, 11.71m,0000001918Hz,0000000000c,0000000.000s, 027.3C"
2026-03-03T19,12,37.17714,"r, 11.71m,0000001919Hz,0000000000c,0000000.000s, 027.0C"
2026-03-03T19,12,47.177635,"r, 11.70m,0000001920Hz,0000000000c,0000000.000s, 027.0C"
2026-03-03T19,12,57.178118,"r, 11.70m,0000001921Hz,0000000000c,0000000.000s, 027.3C"
2026-03-03T19,13,7.178614,"r, 11.71m,0000001918Hz,0000000000c,0000000.000s, 027.0C"
2026-03-03T19,13,17.179101,"r, 11.71m,0000001918Hz,0000000000c,0000000.000s, 027.0C"
2026-03-03T19,13,27.179598,"r, 11.70m,0000001920Hz,0000000000c,0000000.000s, 027.0C"
2026-03-03T19,13,37.180072,"r, 11.70m,0000001920Hz,0000000000c,0000000.000s, 027.3C"
2026-03-03T19,13,47.180593,"r, 11.70m,0000001920Hz,0000000000c,0000000.000s, 027.0C"
2026-03-03T19,13,57.181108,"r, 11.70m,0000001921Hz,0000000000c,0000000.000s, 027.0C"
2026-03-03T19,14,7.181612,"r, 11.71m,0000001919Hz,0000000000c,0000000.000s, 027.3C"
2026-03-03T19,14,17.182105,"r, 11.71m,0000001919Hz,0000000000c,0000000.000s, 027.3C"
2026-03-03T19,14,27.182593,"r, 11.70m,0000001920Hz,0000000000c,0000000.000s, 027.3C"
2026-03-03T19,14,37.183006,"r, 11.71m,0000001918Hz,0000000000c,0000000.000s, 027.3C"
2026-03-03T19,14,47.183507,"r, 11.71m,0000001915Hz,0000000000c,0000000.000s, 027.0C"
2026-03-03T19,14,57.183991,"r, 11.71m,0000001916Hz,0000000000c,0000000.000s, 027.3C"
2026-03-03T19,15,7.184458,"r, 11.71m,0000001914Hz,0000000000c,0000000.000s, 027.0C"
2026-03-03T19,15,17.184963,"r, 11.74m,0000001870Hz,0000000000c,0000000.000s, 027.0C"
2026-03-03T19,15,27.18537,"r, 11.74m,0000001860Hz,0000000000c,0000000.000s, 027.0C"
2026-03-03T19,15,37.185829,"r, 11.71m,0000001908Hz,0000000000c,0000000.000s, 027.3C"
2026-03-03T19,15,47.18632,"r, 11.71m,0000001913Hz,0000000000c,0000000.000s, 027.0C"
2026-03-03T19,15,57.186797,"r, 11.71m,0000001908Hz,0000000000c,0000000.000s, 027.0C"
2026-03-03T19,16,7.18725,"r, 11.71m,0000001911Hz,0000000000c,0000000.000s, 027.0C"
2026-03-03T19,16,17.187754,"r, 11.71m,0000001915Hz,0000000000c,0000000.000s, 027.0C"
2026-03-03T19,16,27.188175,"r, 11.71m,0000001916Hz,0000000000c,0000000.000s, 027.0C"
2026-03-03T19,16,37.188682,"r, 11.71m,0000001916Hz,0000000000c,0000000.000s, 027.0C"
2026-03-03T19,16,47.189158,"r, 11.70m,0000001920Hz,0000000000c,0000000.000s, 027.0C"
2026-03-03T19,16,57.189658,"r, 11.70m,0000001922Hz,0000000000c,0000000.000s, 027.0C"
2026-03-03T19,17,7.190141,"r, 11.71m,0000001913Hz,0000000000c,0000000.000s, 027.0C"
2026-03-03T19,17,17.190591,"r, 11.70m,0000001922Hz,0000000000c,0000000.000s, 027.0C"
2026-03-03T19,17,27.191084,"r, 11.70m,0000001922Hz,0000000000c,0000000.000s, 027.0C"
2026-03-03T19,17,37.191581,"r, 11.70m,0000001920Hz,0000000000c,0000000.000s, 027.3C"
2026-03-03T19,17,47.192078,"r, 11.70m,0000001920Hz,0000000000c,0000000.000s, 027.0C"
2026-03-03T19,17,57.192516,"r, 11.71m,0000001911Hz,0000000000c,0000000.000s, 027.3C"
2026-03-03T19,18,7.192949,"r, 11.71m,0000001917Hz,0000000000c,0000000.000s, 027.3C"
2026-03-03T19,18,17.193452,"r, 11.70m,0000001920Hz,0000000000c,0000000.000s, 027.0C"
2026-03-03T19,18,27.193937,"r, 11.70m,0000001921Hz,0000000000c,0000000.000s, 027.0C"
2026-03-03T19,18,37.19437,"r, 11.71m,0000001915Hz,0000000000c,0000000.000s, 027.0C"
2026-03-03T19,18,47.194848,"r, 11.71m,0000001915Hz,0000000000c,0000000.000s, 027.3C"
2026-03-03T19,18,57.195311,"r, 11.71m,0000001914Hz,0000000000c,0000000.000s, 027.3C"
2026-03-03T19,19,7.195736,"r, 11.70m,0000001934Hz,0000000000c,0000000.000s, 027.0C"
2026-03-03T19,19,17.196164,"r, 11.71m,0000001908Hz,0000000000c,0000000.000s, 027.3C"
2026-03-03T19,19,27.1966,"r, 11.69m,0000001941Hz,0000000000c,0000000.000s, 027.0C"
2026-03-03T19,19,37.197069,"r, 11.69m,0000001939Hz,0000000000c,0000000.000s, 027.0C"
2026-03-03T19,19,47.197579,"r, 11.69m,0000001937Hz,0000000000c,0000000.000s, 027.0C"
2026-03-03T19,19,57.198015,"r, 11.69m,0000001939Hz,0000000000c,0000000.000s, 027.0C"
2026-03-03T19,20,7.198515,"r, 11.69m,0000001940Hz,0000000000c,0000000.000s, 027.0C"
2026-03-03T19,20,17.199035,"r, 11.69m,0000001943Hz,0000000000c,0000000.000s, 027.0C"
2026-03-03T19,20,27.199472,"r, 11.71m,0000001908Hz,0000000000c,0000000.000s, 027.0C"
2026-03-03T19,20,37.19994,"r, 11.69m,0000001943Hz,0000000000c,0000000.000s, 027.3C"
2026-03-03T19,20,47.20044,"r, 11.69m,0000001941Hz,0000000000c,0000000.000s, 027.0C"
2026-03-03T19,20,57.200855,"r, 11.69m,0000001942Hz,0000000000c,0000000.000s, 027.0C"
2026-03-03T19,21,7.201319,"r, 11.69m,0000001940Hz,0000000000c,0000000.000s, 027.0C"
2026-03-03T19,21,17.2018,"r, 11.69m,0000001943Hz,0000000000c,0000000.000s, 027.0C"
2026-03-03T19,21,27.202291,"r, 11.90m,0000001602Hz,0000000000c,0000000.000s, 027.0C"
2026-03-03T19,21,37.202781,"r, 11.72m,0000001898Hz,0000000000c,0000000.000s, 027.3C"
2026-03-03T19,21,47.203244,"r, 11.71m,0000001906Hz,0000000000c,0000000.000s, 027.0C"
2026-03-03T19,21,57.203711,"r, 11.70m,0000001925Hz,0000000000c,0000000.000s, 027.3C"
2026-03-03T19,22,7.20416,"r, 11.69m,0000001943Hz,0000000000c,0000000.000s, 027.0C"
2026-03-03T19,22,17.204639,"r, 11.69m,0000001942Hz,0000000000c,0000000.000s, 027.3C"
2026-03-03T19,22,27.205067,"r, 11.69m,0000001940Hz,0000000000c,0000000.000s, 027.3C"
2026-03-03T19,22,37.2055,"r, 11.69m,0000001939Hz,0000000000c,0000000.000s, 027.0C"
2026-03-03T19,22,47.205975,"r, 11.97m,0000001506Hz,0000000000c,0000000.000s, 027.0C"
2026-03-03T19,22,57.20641,"r, 11.89m,0000001623Hz,0000000000c,0000000.000s, 027.0C"
2026-03-03T19,23,7.20682,"r, 11.68m,0000001971Hz,0000000000c,0000000.000s, 027.3C"
2026-03-03T19,23,17.207248,"r, 11.68m,0000001970Hz,0000000000c,0000000.000s, 027.0C"
2026-03-03T19,23,27.207707,"r, 11.68m,0000001973Hz,0000000000c,0000000.000s, 027.0C"
2026-03-03T19,23,37.208204,"r, 11.68m,0000001972Hz,0000000000c,0000000.000s, 027.0C"
2026-03-03T19,23,47.208713,"r, 11.67m,0000001977Hz,0000000000c,0000000.000s, 027.0C"
2026-03-03T19,23,57.209135,"r, 11.67m,0000001978Hz,0000000000c,0000000.000s, 027.0C"
2026-03-03T19,24,7.209608,"r, 11.68m,0000001972Hz,0000000000c,0000000.000s, 027.0C"
2026-03-03T19,24,17.210113,"r, 11.68m,0000001973Hz,0000000000c,0000000.000s, 027.0C"
2026-03-03T19,24,27.210645,"r, 11.68m,0000001971Hz,0000000000c,0000000.000s, 027.0C"
2026-03-03T19,24,37.211066,"r, 11.68m,0000001969Hz,0000000000c,0000000.000s, 027.0C"
2026-03-03T19,24,47.211497,"r, 11.68m,0000001968Hz,0000000000c,0000000.000s, 027.0C"
2026-03-03T19,24,57.212038,"r, 11.67m,0000001976Hz,0000000000c,0000000.000s, 027.0C"
2026-03-03T19,25,7.212559,"r, 11.67m,0000001977Hz,0000000000c,0000000.000s, 027.0C"
2026-03-03T19,25,17.212991,"r, 11.67m,0000001979Hz,0000000000c,0000000.000s, 027.0C"
2026-03-03T19,25,27.213494,"r, 11.68m,0000001969Hz,0000000000c,0000000.000s, 027.0C"
2026-03-03T19,25,37.213933,"r, 11.69m,0000001938Hz,0000000000c,0000000.000s, 027.0C"
2026-03-03T19,25,47.214439,"r, 11.68m,0000001963Hz,0000000000c,0000000.000s, 027.0C"
2026-03-03T19,25,57.214981,"r, 11.68m,0000001962Hz,0000000000c,0000000.000s, 027.0C"
2026-03-03T19,26,7.215502,"r, 11.69m,0000001959Hz,0000000000c,0000000.000s, 027.0C"
2026-03-03T19,26,17.216009,"r, 11.69m,0000001958Hz,0000000000c,0000000.000s, 027.0C"
2026-03-03T19,26,27.21642,"r, 11.69m,0000001954Hz,0000000000c,0000000.000s, 027.0C"
2026-03-03T19,26,37.216849,"r, 11.69m,0000001941Hz,0000000000c,0000000.000s, 027.0C"
2026-03-03T19,26,47.217343,"r, 11.69m,0000001959Hz,0000000000c,0000000.000s, 027.0C"
2026-03-03T19,26,57.217839,"r, 11.68m,0000001967Hz,0000000000c,0000000.000s, 027.0C"
2026-03-03T19,27,7.218342,"r, 11.67m,0000001981Hz,0000000000c,0000000.000s, 027.0C"
2026-03-03T19,27,17.218831,"r, 11.68m,0000001966Hz,0000000000c,0000000.000s, 027.0C"
2026-03-03T19,27,27.219314,"r, 11.68m,0000001966Hz,0000000000c,0000000.000s, 027.0C"
2026-03-03T19,27,37.21983,"r, 11.68m,0000001962Hz,0000000000c,0000000.000s, 027.0C"
2026-03-03T19,27,47.220307,"r, 11.68m,0000001965Hz,0000000000c,0000000.000s, 027.0C"
2026-03-03T19,27,57.220807,"r, 11.68m,0000001964Hz,0000000000c,0000000.000s, 027.0C"
2026-03-03T19,28,7.221293,"r, 11.68m,0000001969Hz,0000000000c,0000000.000s, 027.0C"
2026-03-03T19,28,17.221782,"r, 11.68m,0000001975Hz,0000000000c,0000000.000s, 027.0C"
2026-03-03T19,28,27.222204,"r, 11.68m,0000001975Hz,0000000000c,0000000.000s, 027.0C"
2026-03-03T19,28,37.222672,"r, 11.68m,0000001974Hz,0000000000c,0000000.000s, 027.0C"
2026-03-03T19,28,47.223081,"r, 11.68m,0000001967Hz,0000000000c,0000000.000s, 027.3C"
2026-03-03T19,28,57.223599,"r, 11.68m,0000001965Hz,0000000000c,0000000.000s, 027.0C"
2026-03-03T19,29,7.224093,"r, 11.68m,0000001967Hz,0000000000c,0000000.000s, 027.0C"
2026-03-03T19,29,17.224592,"r, 11.68m,0000001967Hz,0000000000c,0000000.000s, 027.0C"
2026-03-03T19,29,27.225067,"r, 11.68m,0000001964Hz,0000000000c,0000000.000s, 027.0C"
2026-03-03T19,29,37.225594,"r, 11.68m,0000001967Hz,0000000000c,0000000.000s, 027.0C"
2026-03-03T19,29,47.226072,"r, 11.68m,0000001962Hz,0000000000c,0000000.000s, 027.0C"
2026-03-03T19,29,57.226492,"r, 11.68m,0000001966Hz,0000000000c,0000000.000s, 027.0C"
2026-03-03T19,30,7.226967,"r, 11.68m,0000001968Hz,0000000000c,0000000.000s, 027.0C"
2026-03-03T19,30,17.227491,"r, 11.68m,0000001967Hz,0000000000c,0000000.000s, 027.0C"
2026-03-03T19,30,27.227927,"r, 11.68m,0000001960Hz,0000000000c,0000000.000s, 027.0C"
2026-03-03T19,30,37.228362,"r, 11.68m,0000001963Hz,0000000000c,0000000.000s, 027.0C"
2026-03-03T19,30,47.228791,"r, 11.68m,0000001962Hz,0000000000c,0000000.000s, 027.0C"
2026-03-03T19,30,57.229198,"r, 11.70m,0000001933Hz,0000000000c,0000000.000s, 027.0C"
2026-03-03T19,31,7.229631,"r, 11.69m,0000001958Hz,0000000000c,0000000.000s, 027.0C"
2026-03-03T19,31,17.230121,"r, 11.70m,0000001933Hz,0000000000c,0000000.000s, 027.0C"
2026-03-03T19,31,27.230621,"r, 11.70m,0000001932Hz,0000000000c,0000000.000s, 027.0C"
2026-03-03T19,31,37.231049,"r, 11.69m,0000001936Hz,0000000000c,0000000.000s, 027.0C"
2026-03-03T19,31,47.231539,"r, 11.70m,0000001928Hz,0000000000c,0000000.000s, 027.0C"
2026-03-03T19,31,57.231945,"r, 11.69m,0000001958Hz,0000000000c,0000000.000s, 027.0C"
2026-03-03T19,32,7.232375,"r, 11.69m,0000001958Hz,0000000000c,0000000.000s, 027.0C"
2026-03-03T19,32,17.232869,"r, 11.70m,0000001929Hz,0000000000c,0000000.000s, 027.0C"
2026-03-03T19,32,27.233341,"r, 11.70m,0000001926Hz,0000000000c,0000000.000s, 027.0C"
2026-03-03T19,32,37.233802,"r, 11.69m,0000001941Hz,0000000000c,0000000.000s, 027.0C"
2026-03-03T19,32,47.234211,"r, 11.70m,0000001931Hz,0000000000c,0000000.000s, 027.0C"
2026-03-03T19,32,57.234719,"r, 11.70m,0000001935Hz,0000000000c,0000000.000s, 027.0C"
2026-03-03T19,33,7.235199,"r, 11.69m,0000001947Hz,0000000000c,0000000.000s, 027.0C"
2026-03-03T19,33,17.235642,"r, 11.69m,0000001952Hz,0000000000c,0000000.000s, 027.0C"
2026-03-03T19,33,27.236058,"r, 11.78m,0000001792Hz,0000000000c,0000000.000s, 027.0C"
2026-03-03T19,33,37.236501,"r, 11.77m,0000001812Hz,0000000000c,0000000.000s, 027.0C"
2026-03-03T19,33,47.236967,"r, 11.73m,0000001880Hz,0000000000c,0000000.000s, 027.3C"
2026-03-03T19,33,57.237415,"r, 11.73m,0000001886Hz,0000000000c,0000000.000s, 027.0C"
2026-03-03T19,34,7.237851,"r, 11.72m,0000001890Hz,0000000000c,0000000.000s, 027.0C"
2026-03-03T19,34,17.238268,"r, 11.73m,0000001885Hz,0000000000c,0000000.000s, 027.0C"
2026-03-03T19,34,27.23873,"r, 11.72m,0000001893Hz,0000000000c,0000000.000s, 027.0C"
2026-03-03T19,34,37.239164,"r, 11.72m,0000001899Hz,0000000000c,0000000.000s, 027.0C"
2026-03-03T19,34,47.239612,"r, 11.72m,0000001897Hz,0000000000c,0000000.000s, 027.0C"
2026-03-03T19,34,57.240029,"r, 11.71m,0000001915Hz,0000000000c,0000000.000s, 027.0C"
2026-03-03T19,35,7.240507,"r, 11.71m,0000001910Hz,0000000000c,0000000.000s, 027.3C"
2026-03-03T19,35,17.240933,"r, 11.72m,0000001893Hz,0000000000c,0000000.000s, 027.0C"
2026-03-03T19,35,27.241369,"r, 11.70m,0000001923Hz,0000000000c,0000000.000s, 027.0C"
2026-03-03T19,35,37.241847,"r, 11.72m,0000001901Hz,0000000000c,0000000.000s, 027.0C"
2026-03-03T19,35,47.242273,"r, 11.72m,0000001895Hz,0000000000c,0000000.000s, 027.3C"
2026-03-03T19,35,57.242782,"r, 11.74m,0000001859Hz,0000000000c,0000000.000s, 027.0C"
2026-03-03T19,36,7.243218,"r, 11.79m,0000001783Hz,0000000000c,0000000.000s, 027.3C"
2026-03-03T19,36,17.243652,"r, 11.75m,0000001842Hz,0000000000c,0000000.000s, 027.0C"
2026-03-03T19,36,27.244061,"r, 11.75m,0000001842Hz,0000000000c,0000000.000s, 027.0C"
